component,horizon_days,feature,gain
comp1,7,volt_mean,4138.106934070587
comp1,7,volt_std,25.20028066635132
comp1,7,rotate_mean,99.69149780273438
comp1,7,rotate_std,0.0
comp1,7,pressure_mean,0.0
comp1,7,pressure_std,0.0
comp1,7,vibration_mean,75.25251913070679
comp1,7,vibration_std,0.0
comp1,7,n_obs,0.0
comp1,7,was_missing,0.0
comp1,7,volt_m3,522.0278959274292
comp1,7,volt_s3,219.95390844345093
comp1,7,volt_m7,226.99040269851685
comp1,7,volt_s7,267.80676460266113
comp1,7,volt_m14,179.30911874771118
comp1,7,volt_s14,194.81101894378662
comp1,7,volt_m30,502.0367670059204
comp1,7,volt_s30,582.9703903198242
comp1,7,volt_trend,126.59006023406982
comp1,7,volt_z,135.21065139770508
comp1,7,volt_rng7,128.3650393486023
comp1,7,rotate_m3,100.11352157592773
comp1,7,rotate_s3,98.74620246887207
comp1,7,rotate_m7,79.21644020080566
comp1,7,rotate_s7,283.0282497406006
comp1,7,rotate_m14,222.0585904121399
comp1,7,rotate_s14,170.80331230163574
comp1,7,rotate_m30,263.2523880004883
comp1,7,rotate_s30,481.03951120376587
comp1,7,rotate_trend,133.2874002456665
comp1,7,rotate_z,88.97801065444946
comp1,7,rotate_rng7,193.96478986740112
comp1,7,pressure_m3,34.48794984817505
comp1,7,pressure_s3,34.80306053161621
comp1,7,pressure_m7,144.3087387084961
comp1,7,pressure_s7,176.0587511062622
comp1,7,pressure_m14,477.55751514434814
comp1,7,pressure_s14,244.1220064163208
comp1,7,pressure_m30,352.38403940200806
comp1,7,pressure_s30,574.0469636917114
comp1,7,pressure_trend,205.41702222824097
comp1,7,pressure_z,160.39265060424805
comp1,7,pressure_rng7,392.4326605796814
comp1,7,vibration_m3,24.617989540100098
comp1,7,vibration_s3,119.26113080978394
comp1,7,vibration_m7,84.36111974716187
comp1,7,vibration_s7,401.76012420654297
comp1,7,vibration_m14,330.611487865448
comp1,7,vibration_s14,441.9980525970459
comp1,7,vibration_m30,354.58427381515503
comp1,7,vibration_s30,693.0688142776489
comp1,7,vibration_trend,240.52269077301025
comp1,7,vibration_z,115.35682201385498
comp1,7,vibration_rng7,247.43434858322144
comp1,7,err_any,591.7094707489014
comp1,7,error1_7d,168.48098182678223
comp1,7,error2_7d,10.623800277709961
comp1,7,error3_7d,0.0
comp1,7,error4_7d,0.0
comp1,7,error5_7d,0.0
comp1,7,err_any_7d,16.27489995956421
comp1,7,error1_30d,95.33754920959473
comp1,7,error2_30d,54.164010524749756
comp1,7,error3_30d,42.458760261535645
comp1,7,error4_30d,237.6025447845459
comp1,7,error5_30d,93.62069892883301
comp1,7,err_any_30d,191.22543001174927
comp1,7,dsr_comp1,11083.666838645935
comp1,7,dsf_comp1,822.911563873291
comp1,7,dsr_comp2,3012.539023399353
comp1,7,dsf_comp2,570.6227717399597
comp1,7,dsr_comp3,2889.233290195465
comp1,7,dsf_comp3,274.01099824905396
comp1,7,dsr_comp4,2612.5801753997803
comp1,7,dsf_comp4,553.1045918464661
comp1,7,dsr_comp1_per_age,1113.2105975151062
comp1,7,dsr_comp2_per_age,965.2143177986145
comp1,7,dsr_comp3_per_age,500.2530245780945
comp1,7,dsr_comp4_per_age,707.0429086685181
comp1,8,volt_mean,3708.4924182891846
comp1,8,volt_std,14.55210018157959
comp1,8,rotate_mean,0.0
comp1,8,rotate_std,7.8531999588012695
comp1,8,pressure_mean,0.0
comp1,8,pressure_std,0.0
comp1,8,vibration_mean,21.976709842681885
comp1,8,vibration_std,7.6095099449157715
comp1,8,n_obs,0.0
comp1,8,was_missing,0.0
comp1,8,volt_m3,104.66059970855713
comp1,8,volt_s3,174.7212429046631
comp1,8,volt_m7,270.92499113082886
comp1,8,volt_s7,330.2487292289734
comp1,8,volt_m14,393.2297101020813
comp1,8,volt_s14,416.73730516433716
comp1,8,volt_m30,550.6689562797546
comp1,8,volt_s30,1081.7864747047424
comp1,8,volt_trend,57.9562406539917
comp1,8,volt_z,184.19493055343628
comp1,8,volt_rng7,146.75568008422852
comp1,8,rotate_m3,7.558770179748535
comp1,8,rotate_s3,73.61992883682251
comp1,8,rotate_m7,44.44494915008545
comp1,8,rotate_s7,271.4678282737732
comp1,8,rotate_m14,145.68537998199463
comp1,8,rotate_s14,152.63063049316406
comp1,8,rotate_m30,305.08927631378174
comp1,8,rotate_s30,760.4793925285339
comp1,8,rotate_trend,178.23330974578857
comp1,8,rotate_z,108.61266899108887
comp1,8,rotate_rng7,155.43615007400513
comp1,8,pressure_m3,22.947959899902344
comp1,8,pressure_s3,16.085880279541016
comp1,8,pressure_m7,245.6321792602539
comp1,8,pressure_s7,117.05147171020508
comp1,8,pressure_m14,340.9513282775879
comp1,8,pressure_s14,293.52779054641724
comp1,8,pressure_m30,377.7955627441406
comp1,8,pressure_s30,970.2954425811768
comp1,8,pressure_trend,156.49787998199463
comp1,8,pressure_z,85.857590675354
comp1,8,pressure_rng7,167.9643907546997
comp1,8,vibration_m3,6.96668004989624
comp1,8,vibration_s3,55.531700134277344
comp1,8,vibration_m7,119.67025184631348
comp1,8,vibration_s7,493.3150734901428
comp1,8,vibration_m14,271.30419063568115
comp1,8,vibration_s14,680.0120310783386
comp1,8,vibration_m30,726.7078990936279
comp1,8,vibration_s30,701.8360166549683
comp1,8,vibration_trend,60.992329597473145
comp1,8,vibration_z,194.22379207611084
comp1,8,vibration_rng7,277.0828495025635
comp1,8,err_any,606.0255279541016
comp1,8,error1_7d,99.59506940841675
comp1,8,error2_7d,6.160610198974609
comp1,8,error3_7d,0.0
comp1,8,error4_7d,0.0
comp1,8,error5_7d,0.0
comp1,8,err_any_7d,33.01955986022949
comp1,8,error1_30d,190.91720724105835
comp1,8,error2_30d,92.97577905654907
comp1,8,error3_30d,77.81434059143066
comp1,8,error4_30d,312.1345314979553
comp1,8,error5_30d,207.83494901657104
comp1,8,err_any_30d,196.19599390029907
comp1,8,dsr_comp1,12177.333145141602
comp1,8,dsf_comp1,971.6234679222107
comp1,8,dsr_comp2,2706.7896251678467
comp1,8,dsf_comp2,843.6300230026245
comp1,8,dsr_comp3,3007.630431652069
comp1,8,dsf_comp3,523.004846572876
comp1,8,dsr_comp4,2684.6671233177185
comp1,8,dsf_comp4,579.5446672439575
comp1,8,dsr_comp1_per_age,1413.1044826507568
comp1,8,dsr_comp2_per_age,1482.089548110962
comp1,8,dsr_comp3_per_age,724.169020652771
comp1,8,dsr_comp4_per_age,748.6308579444885
comp1,14,volt_mean,2698.2254395484924
comp1,14,volt_std,4.902309894561768
comp1,14,rotate_mean,0.0
comp1,14,rotate_std,0.0
comp1,14,pressure_mean,0.0
comp1,14,pressure_std,0.0
comp1,14,vibration_mean,0.0
comp1,14,vibration_std,0.0
comp1,14,n_obs,0.0
comp1,14,was_missing,0.0
comp1,14,volt_m3,321.46050357818604
comp1,14,volt_s3,101.23468017578125
comp1,14,volt_m7,81.58049774169922
comp1,14,volt_s7,136.34870052337646
comp1,14,volt_m14,347.91480588912964
comp1,14,volt_s14,849.9637055397034
comp1,14,volt_m30,951.8401985168457
comp1,14,volt_s30,1634.3271961212158
comp1,14,volt_trend,86.73989963531494
comp1,14,volt_z,82.08019924163818
comp1,14,volt_rng7,185.0341386795044
comp1,14,rotate_m3,6.4152398109436035
comp1,14,rotate_s3,18.999340057373047
comp1,14,rotate_m7,64.8939995765686
comp1,14,rotate_s7,37.12099838256836
comp1,14,rotate_m14,246.5389003753662
comp1,14,rotate_s14,655.9817690849304
comp1,14,rotate_m30,810.5273089408875
comp1,14,rotate_s30,1627.9693055152893
comp1,14,rotate_trend,32.27445983886719
comp1,14,rotate_z,80.46021032333374
comp1,14,rotate_rng7,66.22538185119629
comp1,14,pressure_m3,0.0
comp1,14,pressure_s3,0.0
comp1,14,pressure_m7,86.45704984664917
comp1,14,pressure_s7,66.33313941955566
comp1,14,pressure_m14,592.7425274848938
comp1,14,pressure_s14,539.8818082809448
comp1,14,pressure_m30,1479.7260456085205
comp1,14,pressure_s30,1722.5501947402954
comp1,14,pressure_trend,57.09155988693237
comp1,14,pressure_z,25.655500411987305
comp1,14,pressure_rng7,263.0622019767761
comp1,14,vibration_m3,0.0
comp1,14,vibration_s3,19.155309677124023
comp1,14,vibration_m7,77.55780029296875
comp1,14,vibration_s7,101.51180076599121
comp1,14,vibration_m14,401.7332191467285
comp1,14,vibration_s14,1250.8690042495728
comp1,14,vibration_m30,602.8965930938721
comp1,14,vibration_s30,1385.6939964294434
comp1,14,vibration_trend,75.55377960205078
comp1,14,vibration_z,161.42464351654053
comp1,14,vibration_rng7,194.0098090171814
comp1,14,err_any,246.2246332168579
comp1,14,error1_7d,310.45355701446533
comp1,14,error2_7d,0.0
comp1,14,error3_7d,10.97920036315918
comp1,14,error4_7d,16.70989990234375
comp1,14,error5_7d,0.0
comp1,14,err_any_7d,23.444799423217773
comp1,14,error1_30d,182.43255043029785
comp1,14,error2_30d,308.8548517227173
comp1,14,error3_30d,598.7770571708679
comp1,14,error4_30d,290.295533657074
comp1,14,error5_30d,576.9289374351501
comp1,14,err_any_30d,393.9401173591614
comp1,14,dsr_comp1,17469.09730243683
comp1,14,dsf_comp1,3127.3055415153503
comp1,14,dsr_comp2,1521.573453426361
comp1,14,dsf_comp2,2534.9272441864014
comp1,14,dsr_comp3,2349.526240825653
comp1,14,dsf_comp3,1510.4643545150757
comp1,14,dsr_comp4,2418.7120566368103
comp1,14,dsf_comp4,1945.0531077384949
comp1,14,dsr_comp1_per_age,4142.402145862579
comp1,14,dsr_comp2_per_age,2856.7027101516724
comp1,14,dsr_comp3_per_age,1176.32559299469
comp1,14,dsr_comp4_per_age,1539.3830723762512
comp1,16,volt_mean,2238.2828335762024
comp1,16,volt_std,0.0
comp1,16,rotate_mean,0.0
comp1,16,rotate_std,0.0
comp1,16,pressure_mean,0.0
comp1,16,pressure_std,0.0
comp1,16,vibration_mean,0.0
comp1,16,vibration_std,0.0
comp1,16,n_obs,0.0
comp1,16,was_missing,0.0
comp1,16,volt_m3,385.49344635009766
comp1,16,volt_s3,112.82979965209961
comp1,16,volt_m7,146.25695705413818
comp1,16,volt_s7,21.482080459594727
comp1,16,volt_m14,418.98851680755615
comp1,16,volt_s14,392.84899711608887
comp1,16,volt_m30,778.80739402771
comp1,16,volt_s30,1497.0228395462036
comp1,16,volt_trend,16.663799285888672
comp1,16,volt_z,59.260498046875
comp1,16,volt_rng7,63.22939968109131
comp1,16,rotate_m3,0.0
comp1,16,rotate_s3,0.0
comp1,16,rotate_m7,0.0
comp1,16,rotate_s7,52.60217094421387
comp1,16,rotate_m14,683.4942970275879
comp1,16,rotate_s14,693.1033387184143
comp1,16,rotate_m30,1226.873770236969
comp1,16,rotate_s30,1847.2503294944763
comp1,16,rotate_trend,180.31042861938477
comp1,16,rotate_z,24.985050201416016
comp1,16,rotate_rng7,37.586899757385254
comp1,16,pressure_m3,0.0
comp1,16,pressure_s3,0.0
comp1,16,pressure_m7,76.41699886322021
comp1,16,pressure_s7,119.7674617767334
comp1,16,pressure_m14,449.8905391693115
comp1,16,pressure_s14,569.780195236206
comp1,16,pressure_m30,1458.9520263671875
comp1,16,pressure_s30,1550.5595788955688
comp1,16,pressure_trend,31.044499397277832
comp1,16,pressure_z,93.49720001220703
comp1,16,pressure_rng7,270.56207036972046
comp1,16,vibration_m3,0.0
comp1,16,vibration_s3,11.39210033416748
comp1,16,vibration_m7,106.44969940185547
comp1,16,vibration_s7,101.81383895874023
comp1,16,vibration_m14,400.7851028442383
comp1,16,vibration_s14,1257.1585006713867
comp1,16,vibration_m30,838.9185991287231
comp1,16,vibration_s30,1176.7370491027832
comp1,16,vibration_trend,164.7923984527588
comp1,16,vibration_z,59.74851179122925
comp1,16,vibration_rng7,76.54302024841309
comp1,16,err_any,349.45414113998413
comp1,16,error1_7d,137.2270803451538
comp1,16,error2_7d,0.0
comp1,16,error3_7d,0.0
comp1,16,error4_7d,31.04490089416504
comp1,16,error5_7d,0.0
comp1,16,err_any_7d,55.72269821166992
comp1,16,error1_30d,168.51869869232178
comp1,16,error2_30d,575.0229978561401
comp1,16,error3_30d,627.4448251724243
comp1,16,error4_30d,431.1514401435852
comp1,16,error5_30d,504.56224250793457
comp1,16,err_any_30d,455.0338430404663
comp1,16,dsr_comp1,18746.75980758667
comp1,16,dsf_comp1,3268.477493286133
comp1,16,dsr_comp2,1277.546911239624
comp1,16,dsf_comp2,2486.4173607826233
comp1,16,dsr_comp3,2496.731670856476
comp1,16,dsf_comp3,1425.487382888794
comp1,16,dsr_comp4,2627.105781555176
comp1,16,dsf_comp4,1838.792465686798
comp1,16,dsr_comp1_per_age,3700.330125808716
comp1,16,dsr_comp2_per_age,1777.1572675704956
comp1,16,dsr_comp3_per_age,1204.110571861267
comp1,16,dsr_comp4_per_age,1202.0917048454285
comp1,21,volt_mean,1743.7174053192139
comp1,21,volt_std,0.0
comp1,21,rotate_mean,0.0
comp1,21,rotate_std,0.0
comp1,21,pressure_mean,0.0
comp1,21,pressure_std,0.0
comp1,21,vibration_mean,0.0
comp1,21,vibration_std,0.0
comp1,21,n_obs,0.0
comp1,21,was_missing,0.0
comp1,21,volt_m3,189.70789909362793
comp1,21,volt_s3,0.0
comp1,21,volt_m7,101.48690032958984
comp1,21,volt_s7,239.5378999710083
comp1,21,volt_m14,121.67079734802246
comp1,21,volt_s14,258.5462980270386
comp1,21,volt_m30,1057.3894090652466
comp1,21,volt_s30,1899.3473377227783
comp1,21,volt_trend,66.3311014175415
comp1,21,volt_z,9.577659606933594
comp1,21,volt_rng7,151.27380275726318
comp1,21,rotate_m3,0.0
comp1,21,rotate_s3,0.0
comp1,21,rotate_m7,59.936100006103516
comp1,21,rotate_s7,101.37419891357422
comp1,21,rotate_m14,589.1530017852783
comp1,21,rotate_s14,781.7719469070435
comp1,21,rotate_m30,1092.9887895584106
comp1,21,rotate_s30,1303.520302772522
comp1,21,rotate_trend,135.2642002105713
comp1,21,rotate_z,39.10080051422119
comp1,21,rotate_rng7,247.14062404632568
comp1,21,pressure_m3,0.0
comp1,21,pressure_s3,0.0
comp1,21,pressure_m7,147.26809787750244
comp1,21,pressure_s7,84.27200031280518
comp1,21,pressure_m14,586.7459049224854
comp1,21,pressure_s14,904.7744026184082
comp1,21,pressure_m30,955.4989013671875
comp1,21,pressure_s30,1469.6564798355103
comp1,21,pressure_trend,117.88999938964844
comp1,21,pressure_z,101.02130126953125
comp1,21,pressure_rng7,206.77229976654053
comp1,21,vibration_m3,0.0
comp1,21,vibration_s3,0.0
comp1,21,vibration_m7,50.400400161743164
comp1,21,vibration_s7,193.7676019668579
comp1,21,vibration_m14,365.21516036987305
comp1,21,vibration_s14,862.6413631439209
comp1,21,vibration_m30,777.8960695266724
comp1,21,vibration_s30,1210.889814376831
comp1,21,vibration_trend,35.53940010070801
comp1,21,vibration_z,51.82740116119385
comp1,21,vibration_rng7,92.25359916687012
comp1,21,err_any,207.57719612121582
comp1,21,error1_7d,127.89789962768555
comp1,21,error2_7d,20.537799835205078
comp1,21,error3_7d,12.078499794006348
comp1,21,error4_7d,0.0
comp1,21,error5_7d,0.0
comp1,21,err_any_7d,0.0
comp1,21,error1_30d,187.73119926452637
comp1,21,error2_30d,256.7762975692749
comp1,21,error3_30d,656.5810966491699
comp1,21,error4_30d,582.4626979827881
comp1,21,error5_30d,691.135064125061
comp1,21,err_any_30d,877.7746000289917
comp1,21,dsr_comp1,19934.637537002563
comp1,21,dsf_comp1,2814.5358934402466
comp1,21,dsr_comp2,1346.1769227981567
comp1,21,dsf_comp2,3181.270007133484
comp1,21,dsr_comp3,2545.2063999176025
comp1,21,dsf_comp3,1698.3639888763428
comp1,21,dsr_comp4,3465.892397880554
comp1,21,dsf_comp4,1892.6657009124756
comp1,21,dsr_comp1_per_age,3886.010376930237
comp1,21,dsr_comp2_per_age,1753.1724796295166
comp1,21,dsr_comp3_per_age,935.8815250396729
comp1,21,dsr_comp4_per_age,1275.6306924819946
comp1,24,volt_mean,1648.3717317581177
comp1,24,volt_std,0.0
comp1,24,rotate_mean,0.0
comp1,24,rotate_std,0.0
comp1,24,pressure_mean,0.0
comp1,24,pressure_std,0.0
comp1,24,vibration_mean,0.0
comp1,24,vibration_std,0.0
comp1,24,n_obs,0.0
comp1,24,was_missing,0.0
comp1,24,volt_m3,216.37139892578125
comp1,24,volt_s3,0.0
comp1,24,volt_m7,119.38930320739746
comp1,24,volt_s7,102.50529861450195
comp1,24,volt_m14,263.66280364990234
comp1,24,volt_s14,337.52140045166016
comp1,24,volt_m30,1136.0768070220947
comp1,24,volt_s30,2043.3720808029175
comp1,24,volt_trend,49.057209968566895
comp1,24,volt_z,0.0
comp1,24,volt_rng7,146.22489833831787
comp1,24,rotate_m3,0.0
comp1,24,rotate_s3,0.0
comp1,24,rotate_m7,19.7012996673584
comp1,24,rotate_s7,8.108539581298828
comp1,24,rotate_m14,412.7297124862671
comp1,24,rotate_s14,568.6515026092529
comp1,24,rotate_m30,1676.2533044815063
comp1,24,rotate_s30,1655.9858503341675
comp1,24,rotate_trend,61.037099838256836
comp1,24,rotate_z,145.76019859313965
comp1,24,rotate_rng7,50.61250114440918
comp1,24,pressure_m3,0.0
comp1,24,pressure_s3,0.0
comp1,24,pressure_m7,176.0151023864746
comp1,24,pressure_s7,97.06650066375732
comp1,24,pressure_m14,536.6579990386963
comp1,24,pressure_s14,686.8799018859863
comp1,24,pressure_m30,1048.7264976501465
comp1,24,pressure_s30,1508.7172317504883
comp1,24,pressure_trend,90.93399810791016
comp1,24,pressure_z,93.6192979812622
comp1,24,pressure_rng7,183.7853012084961
comp1,24,vibration_m3,0.0
comp1,24,vibration_s3,0.0
comp1,24,vibration_m7,0.0
comp1,24,vibration_s7,106.80010223388672
comp1,24,vibration_m14,519.6983013153076
comp1,24,vibration_s14,898.7345805168152
comp1,24,vibration_m30,1053.1482734680176
comp1,24,vibration_s30,1221.0314102172852
comp1,24,vibration_trend,71.32560062408447
comp1,24,vibration_z,120.14709854125977
comp1,24,vibration_rng7,102.5901985168457
comp1,24,err_any,250.58389854431152
comp1,24,error1_7d,60.786598205566406
comp1,24,error2_7d,0.0
comp1,24,error3_7d,0.0
comp1,24,error4_7d,0.0
comp1,24,error5_7d,0.0
comp1,24,err_any_7d,36.44659996032715
comp1,24,error1_30d,555.7638912200928
comp1,24,error2_30d,339.6153554916382
comp1,24,error3_30d,1161.207703590393
comp1,24,error4_30d,347.08790397644043
comp1,24,error5_30d,815.2772941589355
comp1,24,err_any_30d,768.5492992401123
comp1,24,dsr_comp1,21409.593947410583
comp1,24,dsf_comp1,3228.4585218429565
comp1,24,dsr_comp2,1454.040958404541
comp1,24,dsf_comp2,3164.3678941726685
comp1,24,dsr_comp3,2738.9371032714844
comp1,24,dsf_comp3,2271.8581957817078
comp1,24,dsr_comp4,3429.831362724304
comp1,24,dsf_comp4,2835.035306930542
comp1,24,dsr_comp1_per_age,5012.410224914551
comp1,24,dsr_comp2_per_age,2644.909375190735
comp1,24,dsr_comp3_per_age,1282.190601825714
comp1,24,dsr_comp4_per_age,1139.476427078247
comp1,28,volt_mean,1487.9994201660156
comp1,28,volt_std,0.0
comp1,28,rotate_mean,0.0
comp1,28,rotate_std,0.0
comp1,28,pressure_mean,0.0
comp1,28,pressure_std,0.0
comp1,28,vibration_mean,0.0
comp1,28,vibration_std,0.0
comp1,28,n_obs,0.0
comp1,28,was_missing,0.0
comp1,28,volt_m3,189.55390167236328
comp1,28,volt_s3,30.479900360107422
comp1,28,volt_m7,0.0
comp1,28,volt_s7,16.197200775146484
comp1,28,volt_m14,359.7925968170166
comp1,28,volt_s14,313.5842990875244
comp1,28,volt_m30,1079.630199432373
comp1,28,volt_s30,2105.2008905410767
comp1,28,volt_trend,0.0
comp1,28,volt_z,0.0
comp1,28,volt_rng7,56.50389862060547
comp1,28,rotate_m3,0.0
comp1,28,rotate_s3,0.0
comp1,28,rotate_m7,53.21910095214844
comp1,28,rotate_s7,112.9286994934082
comp1,28,rotate_m14,205.9341983795166
comp1,28,rotate_s14,218.8575954437256
comp1,28,rotate_m30,1734.2658977508545
comp1,28,rotate_s30,1882.185887336731
comp1,28,rotate_trend,0.0
comp1,28,rotate_z,42.811899185180664
comp1,28,rotate_rng7,0.0
comp1,28,pressure_m3,0.0
comp1,28,pressure_s3,0.0
comp1,28,pressure_m7,33.490400314331055
comp1,28,pressure_s7,0.0
comp1,28,pressure_m14,315.67599296569824
comp1,28,pressure_s14,471.7696990966797
comp1,28,pressure_m30,748.134801864624
comp1,28,pressure_s30,1184.3907012939453
comp1,28,pressure_trend,31.004499435424805
comp1,28,pressure_z,89.59389877319336
comp1,28,pressure_rng7,155.42119789123535
comp1,28,vibration_m3,0.0
comp1,28,vibration_s3,0.0
comp1,28,vibration_m7,15.429300308227539
comp1,28,vibration_s7,69.16790199279785
comp1,28,vibration_m14,308.81889724731445
comp1,28,vibration_s14,821.0373992919922
comp1,28,vibration_m30,1340.58620262146
comp1,28,vibration_s30,789.8437929153442
comp1,28,vibration_trend,145.2008991241455
comp1,28,vibration_z,46.48460006713867
comp1,28,vibration_rng7,0.0
comp1,28,err_any,231.57230377197266
comp1,28,error1_7d,18.2101993560791
comp1,28,error2_7d,0.0
comp1,28,error3_7d,0.0
comp1,28,error4_7d,0.0
comp1,28,error5_7d,0.0
comp1,28,err_any_7d,0.0
comp1,28,error1_30d,497.2366027832031
comp1,28,error2_30d,669.1119899749756
comp1,28,error3_30d,1175.5712995529175
comp1,28,error4_30d,279.49530029296875
comp1,28,error5_30d,462.06010246276855
comp1,28,err_any_30d,647.0889940261841
comp1,28,dsr_comp1,19310.582887649536
comp1,28,dsf_comp1,2680.323709487915
comp1,28,dsr_comp2,1327.5606079101562
comp1,28,dsf_comp2,2868.472282409668
comp1,28,dsr_comp3,2799.3858032226562
comp1,28,dsf_comp3,2080.964499473572
comp1,28,dsr_comp4,2425.390390396118
comp1,28,dsf_comp4,2653.2565879821777
comp1,28,dsr_comp1_per_age,3921.2477922439575
comp1,28,dsr_comp2_per_age,2901.399700164795
comp1,28,dsr_comp3_per_age,988.9828939437866
comp1,28,dsr_comp4_per_age,1789.0963010787964
comp1,35,volt_mean,1355.3137788772583
comp1,35,volt_std,0.0
comp1,35,rotate_mean,0.0
comp1,35,rotate_std,0.0
comp1,35,pressure_mean,0.0
comp1,35,pressure_std,0.0
comp1,35,vibration_mean,0.0
comp1,35,vibration_std,0.0
comp1,35,n_obs,0.0
comp1,35,was_missing,0.0
comp1,35,volt_m3,43.64120006561279
comp1,35,volt_s3,0.0
comp1,35,volt_m7,117.85002088546753
comp1,35,volt_s7,231.66790056228638
comp1,35,volt_m14,436.4365601539612
comp1,35,volt_s14,671.3452129364014
comp1,35,volt_m30,1707.6667432785034
comp1,35,volt_s30,3564.5873322486877
comp1,35,volt_trend,80.89290046691895
comp1,35,volt_z,49.37969970703125
comp1,35,volt_rng7,356.25993490219116
comp1,35,rotate_m3,19.186490058898926
comp1,35,rotate_s3,5.200170040130615
comp1,35,rotate_m7,116.99300813674927
comp1,35,rotate_s7,76.97293949127197
comp1,35,rotate_m14,810.4656767845154
comp1,35,rotate_s14,690.8040280342102
comp1,35,rotate_m30,2354.682804107666
comp1,35,rotate_s30,2825.15128326416
comp1,35,rotate_trend,106.79031038284302
comp1,35,rotate_z,116.10770988464355
comp1,35,rotate_rng7,182.1749701499939
comp1,35,pressure_m3,5.300960063934326
comp1,35,pressure_s3,0.0
comp1,35,pressure_m7,108.03109121322632
comp1,35,pressure_s7,127.61905002593994
comp1,35,pressure_m14,857.8649644851685
comp1,35,pressure_s14,904.7200002670288
comp1,35,pressure_m30,2505.4937477111816
comp1,35,pressure_s30,1982.944236278534
comp1,35,pressure_trend,119.81844758987427
comp1,35,pressure_z,98.34273910522461
comp1,35,pressure_rng7,240.8249716758728
comp1,35,vibration_m3,0.0
comp1,35,vibration_s3,18.907899856567383
comp1,35,vibration_m7,56.69067907333374
comp1,35,vibration_s7,209.85410118103027
comp1,35,vibration_m14,730.9838600158691
comp1,35,vibration_s14,954.5695490837097
comp1,35,vibration_m30,1998.1079940795898
comp1,35,vibration_s30,2114.2484250068665
comp1,35,vibration_trend,162.3789095878601
comp1,35,vibration_z,75.31002998352051
comp1,35,vibration_rng7,233.50142908096313
comp1,35,err_any,167.25235319137573
comp1,35,error1_7d,33.502800941467285
comp1,35,error2_7d,0.0
comp1,35,error3_7d,43.017900466918945
comp1,35,error4_7d,43.50464963912964
comp1,35,error5_7d,0.0
comp1,35,err_any_7d,111.35200309753418
comp1,35,error1_30d,1333.5500926971436
comp1,35,error2_30d,473.45458030700684
comp1,35,error3_30d,1337.6852316856384
comp1,35,error4_30d,626.3956971168518
comp1,35,error5_30d,563.1388568878174
comp1,35,err_any_30d,1032.8530464172363
comp1,35,dsr_comp1,18699.521376132965
comp1,35,dsf_comp1,5049.284920215607
comp1,35,dsr_comp2,3299.9383487701416
comp1,35,dsf_comp2,5144.67244386673
comp1,35,dsr_comp3,4839.866612911224
comp1,35,dsf_comp3,3397.3698501586914
comp1,35,dsr_comp4,4003.8034629821777
comp1,35,dsf_comp4,4245.400424480438
comp1,35,dsr_comp1_per_age,5751.731160163879
comp1,35,dsr_comp2_per_age,4283.7758202552795
comp1,35,dsr_comp3_per_age,2322.2954955101013
comp1,35,dsr_comp4_per_age,1993.3562092781067
comp1,42,volt_mean,690.4589920043945
comp1,42,volt_std,0.0
comp1,42,rotate_mean,0.0
comp1,42,rotate_std,0.0
comp1,42,pressure_mean,0.0
comp1,42,pressure_std,0.0
comp1,42,vibration_mean,0.0
comp1,42,vibration_std,0.0
comp1,42,n_obs,0.0
comp1,42,was_missing,0.0
comp1,42,volt_m3,35.05009841918945
comp1,42,volt_s3,0.0
comp1,42,volt_m7,0.0
comp1,42,volt_s7,0.0
comp1,42,volt_m14,0.0
comp1,42,volt_s14,249.7172966003418
comp1,42,volt_m30,648.6753997802734
comp1,42,volt_s30,848.3992004394531
comp1,42,volt_trend,0.0
comp1,42,volt_z,0.0
comp1,42,volt_rng7,0.0
comp1,42,rotate_m3,0.0
comp1,42,rotate_s3,0.0
comp1,42,rotate_m7,46.356998443603516
comp1,42,rotate_s7,0.0
comp1,42,rotate_m14,385.9419975280762
comp1,42,rotate_s14,217.05249977111816
comp1,42,rotate_m30,590.543586730957
comp1,42,rotate_s30,668.8491020202637
comp1,42,rotate_trend,51.23160171508789
comp1,42,rotate_z,0.0
comp1,42,rotate_rng7,0.0
comp1,42,pressure_m3,0.0
comp1,42,pressure_s3,0.0
comp1,42,pressure_m7,0.0
comp1,42,pressure_s7,0.0
comp1,42,pressure_m14,279.2781982421875
comp1,42,pressure_s14,192.19230270385742
comp1,42,pressure_m30,578.8101921081543
comp1,42,pressure_s30,783.490306854248
comp1,42,pressure_trend,0.0
comp1,42,pressure_z,0.0
comp1,42,pressure_rng7,147.52059936523438
comp1,42,vibration_m3,0.0
comp1,42,vibration_s3,0.0
comp1,42,vibration_m7,0.0
comp1,42,vibration_s7,47.81520080566406
comp1,42,vibration_m14,81.42419815063477
comp1,42,vibration_s14,162.8671989440918
comp1,42,vibration_m30,268.5262985229492
comp1,42,vibration_s30,641.4882011413574
comp1,42,vibration_trend,36.138301849365234
comp1,42,vibration_z,0.0
comp1,42,vibration_rng7,118.8062973022461
comp1,42,err_any,69.6332015991211
comp1,42,error1_7d,0.0
comp1,42,error2_7d,0.0
comp1,42,error3_7d,0.0
comp1,42,error4_7d,0.0
comp1,42,error5_7d,0.0
comp1,42,err_any_7d,0.0
comp1,42,error1_30d,435.14019775390625
comp1,42,error2_30d,297.99829483032227
comp1,42,error3_30d,394.0754089355469
comp1,42,error4_30d,0.0
comp1,42,error5_30d,66.16299819946289
comp1,42,err_any_30d,353.61940002441406
comp1,42,dsr_comp1,8116.72643661499
comp1,42,dsf_comp1,1296.6926002502441
comp1,42,dsr_comp2,1071.7491035461426
comp1,42,dsf_comp2,1914.0541038513184
comp1,42,dsr_comp3,2275.4661865234375
comp1,42,dsf_comp3,1191.9878044128418
comp1,42,dsr_comp4,1701.0764808654785
comp1,42,dsf_comp4,958.8038940429688
comp1,42,dsr_comp1_per_age,2005.2633953094482
comp1,42,dsr_comp2_per_age,805.2197074890137
comp1,42,dsr_comp3_per_age,725.2881050109863
comp1,42,dsr_comp4_per_age,566.9004020690918
comp2,7,volt_mean,22.527090072631836
comp2,7,volt_std,0.0
comp2,7,rotate_mean,4560.584235668182
comp2,7,rotate_std,83.59109020233154
comp2,7,pressure_mean,0.0
comp2,7,pressure_std,0.0
comp2,7,vibration_mean,13.019599914550781
comp2,7,vibration_std,25.903099060058594
comp2,7,n_obs,0.0
comp2,7,was_missing,0.0
comp2,7,volt_m3,28.744699478149414
comp2,7,volt_s3,8.83922004699707
comp2,7,volt_m7,78.28057098388672
comp2,7,volt_s7,186.66429996490479
comp2,7,volt_m14,516.8087382316589
comp2,7,volt_s14,390.7573413848877
comp2,7,volt_m30,502.94600009918213
comp2,7,volt_s30,464.5563325881958
comp2,7,volt_trend,111.09230089187622
comp2,7,volt_z,55.42257881164551
comp2,7,volt_rng7,69.35454988479614
comp2,7,rotate_m3,360.9179048538208
comp2,7,rotate_s3,463.0184292793274
comp2,7,rotate_m7,571.0923128128052
comp2,7,rotate_s7,368.934374332428
comp2,7,rotate_m14,284.8336400985718
comp2,7,rotate_s14,296.28861904144287
comp2,7,rotate_m30,393.4499001502991
comp2,7,rotate_s30,558.2569255828857
comp2,7,rotate_trend,99.9877986907959
comp2,7,rotate_z,96.62498950958252
comp2,7,rotate_rng7,243.75704860687256
comp2,7,pressure_m3,15.456060409545898
comp2,7,pressure_s3,60.19703006744385
comp2,7,pressure_m7,308.08823108673096
comp2,7,pressure_s7,359.4349994659424
comp2,7,pressure_m14,448.99304151535034
comp2,7,pressure_s14,290.4652485847473
comp2,7,pressure_m30,485.563702583313
comp2,7,pressure_s30,349.43064069747925
comp2,7,pressure_trend,274.2496099472046
comp2,7,pressure_z,203.1254301071167
comp2,7,pressure_rng7,296.0214810371399
comp2,7,vibration_m3,12.023599624633789
comp2,7,vibration_s3,84.78969955444336
comp2,7,vibration_m7,175.238507270813
comp2,7,vibration_s7,86.29740047454834
comp2,7,vibration_m14,192.93996715545654
comp2,7,vibration_s14,474.93031311035156
comp2,7,vibration_m30,288.9649076461792
comp2,7,vibration_s30,477.96106004714966
comp2,7,vibration_trend,136.23983192443848
comp2,7,vibration_z,246.05200004577637
comp2,7,vibration_rng7,497.9519805908203
comp2,7,err_any,1631.5013608932495
comp2,7,error1_7d,38.60830116271973
comp2,7,error2_7d,38.7133207321167
comp2,7,error3_7d,34.40974998474121
comp2,7,error4_7d,37.29046058654785
comp2,7,error5_7d,13.671799659729004
comp2,7,err_any_7d,107.77545976638794
comp2,7,error1_30d,154.15794706344604
comp2,7,error2_30d,174.7540626525879
comp2,7,error3_30d,153.58092880249023
comp2,7,error4_30d,232.1478452682495
comp2,7,error5_30d,60.058409690856934
comp2,7,err_any_30d,156.53401041030884
comp2,7,dsr_comp1,2179.4232606887817
comp2,7,dsf_comp1,1019.7799053192139
comp2,7,dsr_comp2,8411.148095607758
comp2,7,dsf_comp2,841.9511089324951
comp2,7,dsr_comp3,2768.469180583954
comp2,7,dsf_comp3,523.4081983566284
comp2,7,dsr_comp4,2946.7051997184753
comp2,7,dsf_comp4,1132.413387298584
comp2,7,dsr_comp1_per_age,793.5549387931824
comp2,7,dsr_comp2_per_age,1368.152379989624
comp2,7,dsr_comp3_per_age,517.7124419212341
comp2,7,dsr_comp4_per_age,590.4429178237915
comp2,8,volt_mean,0.0
comp2,8,volt_std,13.002799987792969
comp2,8,rotate_mean,4017.8113374710083
comp2,8,rotate_std,70.13160133361816
comp2,8,pressure_mean,0.0
comp2,8,pressure_std,0.0
comp2,8,vibration_mean,19.931650161743164
comp2,8,vibration_std,7.020289897918701
comp2,8,n_obs,0.0
comp2,8,was_missing,0.0
comp2,8,volt_m3,62.268001079559326
comp2,8,volt_s3,100.16810035705566
comp2,8,volt_m7,34.46429967880249
comp2,8,volt_s7,232.1853609085083
comp2,8,volt_m14,737.8588528633118
comp2,8,volt_s14,453.20877265930176
comp2,8,volt_m30,719.1259846687317
comp2,8,volt_s30,650.7455422878265
comp2,8,volt_trend,126.87077236175537
comp2,8,volt_z,92.25649929046631
comp2,8,volt_rng7,193.03806161880493
comp2,8,rotate_m3,415.35300493240356
comp2,8,rotate_s3,523.8021926879883
comp2,8,rotate_m7,643.675922870636
comp2,8,rotate_s7,521.3544030189514
comp2,8,rotate_m14,458.9689106941223
comp2,8,rotate_s14,512.4518699645996
comp2,8,rotate_m30,490.85911655426025
comp2,8,rotate_s30,904.4404616355896
comp2,8,rotate_trend,212.8860559463501
comp2,8,rotate_z,111.96432113647461
comp2,8,rotate_rng7,266.8431329727173
comp2,8,pressure_m3,12.720000267028809
comp2,8,pressure_s3,99.81044006347656
comp2,8,pressure_m7,460.3109211921692
comp2,8,pressure_s7,513.9233555793762
comp2,8,pressure_m14,535.5445804595947
comp2,8,pressure_s14,610.2275772094727
comp2,8,pressure_m30,705.9614253044128
comp2,8,pressure_s30,628.0292825698853
comp2,8,pressure_trend,255.27472019195557
comp2,8,pressure_z,99.00923109054565
comp2,8,pressure_rng7,429.228075504303
comp2,8,vibration_m3,57.719380378723145
comp2,8,vibration_s3,24.15867042541504
comp2,8,vibration_m7,129.07379007339478
comp2,8,vibration_s7,270.46517038345337
comp2,8,vibration_m14,534.184515953064
comp2,8,vibration_s14,487.79130363464355
comp2,8,vibration_m30,512.0319590568542
comp2,8,vibration_s30,899.6526908874512
comp2,8,vibration_trend,141.80555868148804
comp2,8,vibration_z,186.36878871917725
comp2,8,vibration_rng7,324.77088022232056
comp2,8,err_any,1655.5087904930115
comp2,8,error1_7d,9.463529586791992
comp2,8,error2_7d,70.10407996177673
comp2,8,error3_7d,79.73742008209229
comp2,8,error4_7d,45.07626152038574
comp2,8,error5_7d,6.849890232086182
comp2,8,err_any_7d,26.485249519348145
comp2,8,error1_30d,239.39608144760132
comp2,8,error2_30d,186.18758010864258
comp2,8,error3_30d,148.33691215515137
comp2,8,error4_30d,380.0234022140503
comp2,8,error5_30d,82.2987494468689
comp2,8,err_any_30d,302.76832914352417
comp2,8,dsr_comp1,2352.4993300437927
comp2,8,dsf_comp1,1622.7337312698364
comp2,8,dsr_comp2,10073.939428806305
comp2,8,dsf_comp2,1276.630527496338
comp2,8,dsr_comp3,3021.344169616699
comp2,8,dsf_comp3,621.5025329589844
comp2,8,dsr_comp4,3130.345990419388
comp2,8,dsf_comp4,1571.8423066139221
comp2,8,dsr_comp1_per_age,773.8864722251892
comp2,8,dsr_comp2_per_age,1739.035523891449
comp2,8,dsr_comp3_per_age,1040.2009301185608
comp2,8,dsr_comp4_per_age,767.6875405311584
comp2,14,volt_mean,0.0
comp2,14,volt_std,0.0
comp2,14,rotate_mean,1476.0139770507812
comp2,14,rotate_std,0.0
comp2,14,pressure_mean,0.0
comp2,14,pressure_std,0.0
comp2,14,vibration_mean,0.0
comp2,14,vibration_std,0.0
comp2,14,n_obs,0.0
comp2,14,was_missing,0.0
comp2,14,volt_m3,0.0
comp2,14,volt_s3,0.0
comp2,14,volt_m7,0.0
comp2,14,volt_s7,0.0
comp2,14,volt_m14,157.31549835205078
comp2,14,volt_s14,203.28079986572266
comp2,14,volt_m30,0.0
comp2,14,volt_s30,105.05860137939453
comp2,14,volt_trend,0.0
comp2,14,volt_z,98.3386001586914
comp2,14,volt_rng7,0.0
comp2,14,rotate_m3,0.0
comp2,14,rotate_s3,389.0840148925781
comp2,14,rotate_m7,181.38300323486328
comp2,14,rotate_s7,0.0
comp2,14,rotate_m14,49.09870147705078
comp2,14,rotate_s14,0.0
comp2,14,rotate_m30,44.12699890136719
comp2,14,rotate_s30,260.79539489746094
comp2,14,rotate_trend,0.0
comp2,14,rotate_z,0.0
comp2,14,rotate_rng7,0.0
comp2,14,pressure_m3,0.0
comp2,14,pressure_s3,0.0
comp2,14,pressure_m7,0.0
comp2,14,pressure_s7,0.0
comp2,14,pressure_m14,354.2489013671875
comp2,14,pressure_s14,62.34980010986328
comp2,14,pressure_m30,90.93819808959961
comp2,14,pressure_s30,0.0
comp2,14,pressure_trend,53.157798767089844
comp2,14,pressure_z,0.0
comp2,14,pressure_rng7,0.0
comp2,14,vibration_m3,0.0
comp2,14,vibration_s3,0.0
comp2,14,vibration_m7,0.0
comp2,14,vibration_s7,0.0
comp2,14,vibration_m14,0.0
comp2,14,vibration_s14,115.09519958496094
comp2,14,vibration_m30,64.99539947509766
comp2,14,vibration_s30,350.61560821533203
comp2,14,vibration_trend,0.0
comp2,14,vibration_z,0.0
comp2,14,vibration_rng7,0.0
comp2,14,err_any,575.0959930419922
comp2,14,error1_7d,0.0
comp2,14,error2_7d,0.0
comp2,14,error3_7d,0.0
comp2,14,error4_7d,0.0
comp2,14,error5_7d,0.0
comp2,14,err_any_7d,0.0
comp2,14,error1_30d,153.05139923095703
comp2,14,error2_30d,197.85570526123047
comp2,14,error3_30d,101.13099670410156
comp2,14,error4_30d,66.31310272216797
comp2,14,error5_30d,0.0
comp2,14,err_any_30d,76.94419860839844
comp2,14,dsr_comp1,199.40069961547852
comp2,14,dsf_comp1,412.5912094116211
comp2,14,dsr_comp2,2295.4629135131836
comp2,14,dsf_comp2,1002.4319038391113
comp2,14,dsr_comp3,385.91889572143555
comp2,14,dsf_comp3,333.3786926269531
comp2,14,dsr_comp4,694.3654022216797
comp2,14,dsf_comp4,733.2949981689453
comp2,14,dsr_comp1_per_age,547.9217987060547
comp2,14,dsr_comp2_per_age,732.3844795227051
comp2,14,dsr_comp3_per_age,215.97529983520508
comp2,14,dsr_comp4_per_age,543.8735961914062
comp2,16,volt_mean,0.0
comp2,16,volt_std,0.0
comp2,16,rotate_mean,1276.8479919433594
comp2,16,rotate_std,0.0
comp2,16,pressure_mean,0.0
comp2,16,pressure_std,0.0
comp2,16,vibration_mean,0.0
comp2,16,vibration_std,0.0
comp2,16,n_obs,0.0
comp2,16,was_missing,0.0
comp2,16,volt_m3,0.0
comp2,16,volt_s3,0.0
comp2,16,volt_m7,0.0
comp2,16,volt_s7,0.0
comp2,16,volt_m14,174.40789794921875
comp2,16,volt_s14,160.4275016784668
comp2,16,volt_m30,0.0
comp2,16,volt_s30,105.60760116577148
comp2,16,volt_trend,0.0
comp2,16,volt_z,0.0
comp2,16,volt_rng7,0.0
comp2,16,rotate_m3,75.1082992553711
comp2,16,rotate_s3,287.2569885253906
comp2,16,rotate_m7,84.13809967041016
comp2,16,rotate_s7,97.83080291748047
comp2,16,rotate_m14,62.00320053100586
comp2,16,rotate_s14,0.0
comp2,16,rotate_m30,145.04299926757812
comp2,16,rotate_s30,653.6826057434082
comp2,16,rotate_trend,0.0
comp2,16,rotate_z,0.0
comp2,16,rotate_rng7,0.0
comp2,16,pressure_m3,0.0
comp2,16,pressure_s3,0.0
comp2,16,pressure_m7,0.0
comp2,16,pressure_s7,0.0
comp2,16,pressure_m14,46.8307991027832
comp2,16,pressure_s14,61.91120147705078
comp2,16,pressure_m30,0.0
comp2,16,pressure_s30,289.7924041748047
comp2,16,pressure_trend,73.00599670410156
comp2,16,pressure_z,0.0
comp2,16,pressure_rng7,38.350799560546875
comp2,16,vibration_m3,0.0
comp2,16,vibration_s3,0.0
comp2,16,vibration_m7,0.0
comp2,16,vibration_s7,45.930999755859375
comp2,16,vibration_m14,0.0
comp2,16,vibration_s14,44.87139892578125
comp2,16,vibration_m30,57.36249923706055
comp2,16,vibration_s30,680.9629020690918
comp2,16,vibration_trend,0.0
comp2,16,vibration_z,0.0
comp2,16,vibration_rng7,0.0
comp2,16,err_any,528.7149963378906
comp2,16,error1_7d,0.0
comp2,16,error2_7d,0.0
comp2,16,error3_7d,63.394901275634766
comp2,16,error4_7d,0.0
comp2,16,error5_7d,0.0
comp2,16,err_any_7d,0.0
comp2,16,error1_30d,235.3751983642578
comp2,16,error2_30d,230.75879669189453
comp2,16,error3_30d,0.0
comp2,16,error4_30d,0.0
comp2,16,error5_30d,0.0
comp2,16,err_any_30d,38.6890983581543
comp2,16,dsr_comp1,177.07799911499023
comp2,16,dsf_comp1,505.83289337158203
comp2,16,dsr_comp2,2248.055160522461
comp2,16,dsf_comp2,1275.5665016174316
comp2,16,dsr_comp3,522.6827926635742
comp2,16,dsf_comp3,273.3647994995117
comp2,16,dsr_comp4,254.85210418701172
comp2,16,dsf_comp4,572.6972961425781
comp2,16,dsr_comp1_per_age,357.6140899658203
comp2,16,dsr_comp2_per_age,833.6793823242188
comp2,16,dsr_comp3_per_age,151.17599868774414
comp2,16,dsr_comp4_per_age,258.2307014465332
comp2,21,volt_mean,0.0
comp2,21,volt_std,0.0
comp2,21,rotate_mean,1637.2649993896484
comp2,21,rotate_std,0.0
comp2,21,pressure_mean,0.0
comp2,21,pressure_std,0.0
comp2,21,vibration_mean,0.0
comp2,21,vibration_std,0.0
comp2,21,n_obs,0.0
comp2,21,was_missing,0.0
comp2,21,volt_m3,0.0
comp2,21,volt_s3,0.0
comp2,21,volt_m7,0.0
comp2,21,volt_s7,0.0
comp2,21,volt_m14,0.0
comp2,21,volt_s14,430.88099670410156
comp2,21,volt_m30,192.83770370483398
comp2,21,volt_s30,217.80100631713867
comp2,21,volt_trend,0.0
comp2,21,volt_z,0.0
comp2,21,volt_rng7,0.0
comp2,21,rotate_m3,203.5102081298828
comp2,21,rotate_s3,184.13410186767578
comp2,21,rotate_m7,33.29169845581055
comp2,21,rotate_s7,195.48810195922852
comp2,21,rotate_m14,229.3292007446289
comp2,21,rotate_s14,268.5095024108887
comp2,21,rotate_m30,587.7551078796387
comp2,21,rotate_s30,573.5165977478027
comp2,21,rotate_trend,0.0
comp2,21,rotate_z,0.0
comp2,21,rotate_rng7,0.0
comp2,21,pressure_m3,0.0
comp2,21,pressure_s3,0.0
comp2,21,pressure_m7,76.277099609375
comp2,21,pressure_s7,0.0
comp2,21,pressure_m14,130.34309768676758
comp2,21,pressure_s14,119.50240325927734
comp2,21,pressure_m30,206.46009826660156
comp2,21,pressure_s30,878.8265075683594
comp2,21,pressure_trend,0.0
comp2,21,pressure_z,0.0
comp2,21,pressure_rng7,0.0
comp2,21,vibration_m3,0.0
comp2,21,vibration_s3,0.0
comp2,21,vibration_m7,49.90439987182617
comp2,21,vibration_s7,0.0
comp2,21,vibration_m14,145.76849746704102
comp2,21,vibration_s14,0.0
comp2,21,vibration_m30,260.2754020690918
comp2,21,vibration_s30,629.2867050170898
comp2,21,vibration_trend,64.55120086669922
comp2,21,vibration_z,42.19559860229492
comp2,21,vibration_rng7,0.0
comp2,21,err_any,647.4319953918457
comp2,21,error1_7d,0.0
comp2,21,error2_7d,0.0
comp2,21,error3_7d,0.0
comp2,21,error4_7d,0.0
comp2,21,error5_7d,0.0
comp2,21,err_any_7d,42.12799835205078
comp2,21,error1_30d,215.24359893798828
comp2,21,error2_30d,373.95420837402344
comp2,21,error3_30d,121.50080108642578
comp2,21,error4_30d,295.56689834594727
comp2,21,error5_30d,0.0
comp2,21,err_any_30d,162.04050064086914
comp2,21,dsr_comp1,635.871395111084
comp2,21,dsf_comp1,976.1266021728516
comp2,21,dsr_comp2,3583.407196044922
comp2,21,dsf_comp2,1605.6359024047852
comp2,21,dsr_comp3,535.1451988220215
comp2,21,dsf_comp3,578.9181995391846
comp2,21,dsr_comp4,903.8018989562988
comp2,21,dsf_comp4,1282.709903717041
comp2,21,dsr_comp1_per_age,644.5261993408203
comp2,21,dsr_comp2_per_age,1859.658405303955
comp2,21,dsr_comp3_per_age,737.1679019927979
comp2,21,dsr_comp4_per_age,337.54809951782227
comp2,24,volt_mean,0.0
comp2,24,volt_std,0.0
comp2,24,rotate_mean,1935.4772872924805
comp2,24,rotate_std,0.0
comp2,24,pressure_mean,0.0
comp2,24,pressure_std,0.0
comp2,24,vibration_mean,0.0
comp2,24,vibration_std,0.0
comp2,24,n_obs,0.0
comp2,24,was_missing,0.0
comp2,24,volt_m3,0.0
comp2,24,volt_s3,0.0
comp2,24,volt_m7,0.0
comp2,24,volt_s7,52.1150016784668
comp2,24,volt_m14,304.08020210266113
comp2,24,volt_s14,892.5392990112305
comp2,24,volt_m30,714.3416004180908
comp2,24,volt_s30,1584.2691040039062
comp2,24,volt_trend,92.40320014953613
comp2,24,volt_z,46.85089874267578
comp2,24,volt_rng7,66.24700164794922
comp2,24,rotate_m3,151.06280136108398
comp2,24,rotate_s3,437.3846969604492
comp2,24,rotate_m7,296.8530979156494
comp2,24,rotate_s7,148.63100051879883
comp2,24,rotate_m14,228.6335964202881
comp2,24,rotate_s14,624.859001159668
comp2,24,rotate_m30,1226.2787952423096
comp2,24,rotate_s30,2056.1357021331787
comp2,24,rotate_trend,23.645000457763672
comp2,24,rotate_z,0.0
comp2,24,rotate_rng7,0.0
comp2,24,pressure_m3,18.53820037841797
comp2,24,pressure_s3,0.0
comp2,24,pressure_m7,0.0
comp2,24,pressure_s7,58.231698989868164
comp2,24,pressure_m14,195.15610122680664
comp2,24,pressure_s14,552.9505996704102
comp2,24,pressure_m30,721.6031074523926
comp2,24,pressure_s30,1078.715389251709
comp2,24,pressure_trend,97.45169830322266
comp2,24,pressure_z,39.03310012817383
comp2,24,pressure_rng7,21.10770034790039
comp2,24,vibration_m3,0.0
comp2,24,vibration_s3,0.0
comp2,24,vibration_m7,23.086299896240234
comp2,24,vibration_s7,150.62739753723145
comp2,24,vibration_m14,230.6139965057373
comp2,24,vibration_s14,202.2085018157959
comp2,24,vibration_m30,640.5536994934082
comp2,24,vibration_s30,1460.1697998046875
comp2,24,vibration_trend,253.92050170898438
comp2,24,vibration_z,71.36520004272461
comp2,24,vibration_rng7,73.23860168457031
comp2,24,err_any,718.4612941741943
comp2,24,error1_7d,21.394899368286133
comp2,24,error2_7d,94.30730056762695
comp2,24,error3_7d,117.8041000366211
comp2,24,error4_7d,40.50519943237305
comp2,24,error5_7d,178.3789005279541
comp2,24,err_any_7d,0.0
comp2,24,error1_30d,846.104808807373
comp2,24,error2_30d,698.6758012771606
comp2,24,error3_30d,271.55979919433594
comp2,24,error4_30d,815.7732982635498
comp2,24,error5_30d,387.75789642333984
comp2,24,err_any_30d,600.7112941741943
comp2,24,dsr_comp1,2008.4239082336426
comp2,24,dsf_comp1,2678.8527069091797
comp2,24,dsr_comp2,8267.921939849854
comp2,24,dsf_comp2,3416.670976638794
comp2,24,dsr_comp3,2224.287702560425
comp2,24,dsf_comp3,1982.3070011138916
comp2,24,dsr_comp4,1973.5704898834229
comp2,24,dsf_comp4,2243.715902328491
comp2,24,dsr_comp1_per_age,1286.3107051849365
comp2,24,dsr_comp2_per_age,2881.303607940674
comp2,24,dsr_comp3_per_age,1573.9985990524292
comp2,24,dsr_comp4_per_age,1689.7217044830322
comp2,28,volt_mean,0.0
comp2,28,volt_std,0.0
comp2,28,rotate_mean,1265.5299835205078
comp2,28,rotate_std,0.0
comp2,28,pressure_mean,0.0
comp2,28,pressure_std,0.0
comp2,28,vibration_mean,0.0
comp2,28,vibration_std,0.0
comp2,28,n_obs,0.0
comp2,28,was_missing,0.0
comp2,28,volt_m3,0.0
comp2,28,volt_s3,0.0
comp2,28,volt_m7,0.0
comp2,28,volt_s7,40.68119812011719
comp2,28,volt_m14,96.9192008972168
comp2,28,volt_s14,562.250602722168
comp2,28,volt_m30,237.08069610595703
comp2,28,volt_s30,373.6267967224121
comp2,28,volt_trend,40.28739929199219
comp2,28,volt_z,0.0
comp2,28,volt_rng7,0.0
comp2,28,rotate_m3,42.65850067138672
comp2,28,rotate_s3,187.56300354003906
comp2,28,rotate_m7,105.29439926147461
comp2,28,rotate_s7,40.967498779296875
comp2,28,rotate_m14,109.49979782104492
comp2,28,rotate_s14,53.52130126953125
comp2,28,rotate_m30,845.8921966552734
comp2,28,rotate_s30,979.1544075012207
comp2,28,rotate_trend,0.0
comp2,28,rotate_z,0.0
comp2,28,rotate_rng7,0.0
comp2,28,pressure_m3,0.0
comp2,28,pressure_s3,0.0
comp2,28,pressure_m7,30.243900299072266
comp2,28,pressure_s7,0.0
comp2,28,pressure_m14,36.02090072631836
comp2,28,pressure_s14,153.43579864501953
comp2,28,pressure_m30,0.0
comp2,28,pressure_s30,192.10039901733398
comp2,28,pressure_trend,0.0
comp2,28,pressure_z,108.08140182495117
comp2,28,pressure_rng7,0.0
comp2,28,vibration_m3,0.0
comp2,28,vibration_s3,0.0
comp2,28,vibration_m7,0.0
comp2,28,vibration_s7,0.0
comp2,28,vibration_m14,75.52909851074219
comp2,28,vibration_s14,30.237899780273438
comp2,28,vibration_m30,420.0834045410156
comp2,28,vibration_s30,534.6755981445312
comp2,28,vibration_trend,44.32460021972656
comp2,28,vibration_z,79.51420211791992
comp2,28,vibration_rng7,0.0
comp2,28,err_any,349.8809928894043
comp2,28,error1_7d,0.0
comp2,28,error2_7d,59.111698150634766
comp2,28,error3_7d,0.0
comp2,28,error4_7d,0.0
comp2,28,error5_7d,0.0
comp2,28,err_any_7d,0.0
comp2,28,error1_30d,285.47220611572266
comp2,28,error2_30d,338.4114990234375
comp2,28,error3_30d,0.0
comp2,28,error4_30d,587.1557998657227
comp2,28,error5_30d,39.40520095825195
comp2,28,err_any_30d,100.27490234375
comp2,28,dsr_comp1,781.9919013977051
comp2,28,dsf_comp1,1267.3959884643555
comp2,28,dsr_comp2,2648.1935119628906
comp2,28,dsf_comp2,1279.002296447754
comp2,28,dsr_comp3,1150.6986999511719
comp2,28,dsf_comp3,645.9522018432617
comp2,28,dsr_comp4,748.6515960693359
comp2,28,dsf_comp4,1326.364402770996
comp2,28,dsr_comp1_per_age,550.0792922973633
comp2,28,dsr_comp2_per_age,1021.2888031005859
comp2,28,dsr_comp3_per_age,696.8213043212891
comp2,28,dsr_comp4_per_age,1203.1169052124023
comp2,35,volt_mean,0.0
comp2,35,volt_std,0.0
comp2,35,rotate_mean,1397.9317951202393
comp2,35,rotate_std,0.0
comp2,35,pressure_mean,0.0
comp2,35,pressure_std,0.0
comp2,35,vibration_mean,0.0
comp2,35,vibration_std,0.0
comp2,35,n_obs,0.0
comp2,35,was_missing,0.0
comp2,35,volt_m3,0.0
comp2,35,volt_s3,0.0
comp2,35,volt_m7,0.0
comp2,35,volt_s7,146.37859916687012
comp2,35,volt_m14,326.44550132751465
comp2,35,volt_s14,636.1709079742432
comp2,35,volt_m30,706.4632005691528
comp2,35,volt_s30,2086.570095062256
comp2,35,volt_trend,22.54990005493164
comp2,35,volt_z,0.0
comp2,35,volt_rng7,66.92900085449219
comp2,35,rotate_m3,80.98209953308105
comp2,35,rotate_s3,222.93230438232422
comp2,35,rotate_m7,100.20560073852539
comp2,35,rotate_s7,100.71429824829102
comp2,35,rotate_m14,419.6696014404297
comp2,35,rotate_s14,560.6525955200195
comp2,35,rotate_m30,1760.9329090118408
comp2,35,rotate_s30,3096.738212585449
comp2,35,rotate_trend,34.01470184326172
comp2,35,rotate_z,0.0
comp2,35,rotate_rng7,117.04800033569336
comp2,35,pressure_m3,0.0
comp2,35,pressure_s3,0.0
comp2,35,pressure_m7,40.0443000793457
comp2,35,pressure_s7,79.42679977416992
comp2,35,pressure_m14,634.9698963165283
comp2,35,pressure_s14,310.26230239868164
comp2,35,pressure_m30,972.0613994598389
comp2,35,pressure_s30,1761.708698272705
comp2,35,pressure_trend,150.31389999389648
comp2,35,pressure_z,65.70219802856445
comp2,35,pressure_rng7,28.94409942626953
comp2,35,vibration_m3,0.0
comp2,35,vibration_s3,14.664600372314453
comp2,35,vibration_m7,40.49850082397461
comp2,35,vibration_s7,0.0
comp2,35,vibration_m14,494.90979957580566
comp2,35,vibration_s14,455.1090030670166
comp2,35,vibration_m30,1493.4612922668457
comp2,35,vibration_s30,2737.700414657593
comp2,35,vibration_trend,129.3983974456787
comp2,35,vibration_z,0.0
comp2,35,vibration_rng7,24.61709976196289
comp2,35,err_any,630.5319957733154
comp2,35,error1_7d,0.0
comp2,35,error2_7d,28.190799713134766
comp2,35,error3_7d,35.93659973144531
comp2,35,error4_7d,43.69419860839844
comp2,35,error5_7d,0.0
comp2,35,err_any_7d,76.95940017700195
comp2,35,error1_30d,933.6054992675781
comp2,35,error2_30d,840.0247039794922
comp2,35,error3_30d,567.6806030273438
comp2,35,error4_30d,431.67000007629395
comp2,35,error5_30d,873.1641006469727
comp2,35,err_any_30d,1491.7547855377197
comp2,35,dsr_comp1,3203.9412126541138
comp2,35,dsf_comp1,4459.797594070435
comp2,35,dsr_comp2,6132.810426712036
comp2,35,dsf_comp2,3846.556583404541
comp2,35,dsr_comp3,3426.0795879364014
comp2,35,dsf_comp3,2679.0249824523926
comp2,35,dsr_comp4,2387.9599103927612
comp2,35,dsf_comp4,2944.8764667510986
comp2,35,dsr_comp1_per_age,1928.8375911712646
comp2,35,dsr_comp2_per_age,2325.364604949951
comp2,35,dsr_comp3_per_age,1641.181999206543
comp2,35,dsr_comp4_per_age,2579.518865585327
comp2,42,volt_mean,0.0
comp2,42,volt_std,0.0
comp2,42,rotate_mean,968.333194732666
comp2,42,rotate_std,0.0
comp2,42,pressure_mean,0.0
comp2,42,pressure_std,0.0
comp2,42,vibration_mean,0.0
comp2,42,vibration_std,0.0
comp2,42,n_obs,0.0
comp2,42,was_missing,0.0
comp2,42,volt_m3,0.0
comp2,42,volt_s3,0.0
comp2,42,volt_m7,0.0
comp2,42,volt_s7,0.0
comp2,42,volt_m14,174.11100006103516
comp2,42,volt_s14,838.7904014587402
comp2,42,volt_m30,1038.095895767212
comp2,42,volt_s30,2661.0042991638184
comp2,42,volt_trend,0.0
comp2,42,volt_z,0.0
comp2,42,volt_rng7,22.13050079345703
comp2,42,rotate_m3,94.58370018005371
comp2,42,rotate_s3,56.918399810791016
comp2,42,rotate_m7,54.438697814941406
comp2,42,rotate_s7,43.963799476623535
comp2,42,rotate_m14,666.1831932067871
comp2,42,rotate_s14,1049.1522026062012
comp2,42,rotate_m30,1406.0768032073975
comp2,42,rotate_s30,2537.4710035324097
comp2,42,rotate_trend,0.0
comp2,42,rotate_z,0.0
comp2,42,rotate_rng7,31.244199752807617
comp2,42,pressure_m3,0.0
comp2,42,pressure_s3,0.0
comp2,42,pressure_m7,60.35019874572754
comp2,42,pressure_s7,153.99570083618164
comp2,42,pressure_m14,352.46020126342773
comp2,42,pressure_s14,250.58160209655762
comp2,42,pressure_m30,1083.1279983520508
comp2,42,pressure_s30,1553.5040092468262
comp2,42,pressure_trend,141.44260120391846
comp2,42,pressure_z,0.0
comp2,42,pressure_rng7,23.218399047851562
comp2,42,vibration_m3,0.0
comp2,42,vibration_s3,0.0
comp2,42,vibration_m7,14.14780044555664
comp2,42,vibration_s7,30.513500213623047
comp2,42,vibration_m14,382.34639739990234
comp2,42,vibration_s14,521.4561052322388
comp2,42,vibration_m30,1749.3407936096191
comp2,42,vibration_s30,2280.7035961151123
comp2,42,vibration_trend,100.0354995727539
comp2,42,vibration_z,0.0
comp2,42,vibration_rng7,0.0
comp2,42,err_any,431.20499992370605
comp2,42,error1_7d,0.0
comp2,42,error2_7d,72.62570190429688
comp2,42,error3_7d,0.0
comp2,42,error4_7d,28.865299224853516
comp2,42,error5_7d,0.0
comp2,42,err_any_7d,25.977699279785156
comp2,42,error1_30d,1007.474494934082
comp2,42,error2_30d,725.3286972045898
comp2,42,error3_30d,673.9955921173096
comp2,42,error4_30d,366.030797958374
comp2,42,error5_30d,720.7579002380371
comp2,42,err_any_30d,945.8908977508545
comp2,42,dsr_comp1,2963.4290924072266
comp2,42,dsf_comp1,4378.041521072388
comp2,42,dsr_comp2,6183.193995475769
comp2,42,dsf_comp2,4431.755596160889
comp2,42,dsr_comp3,3742.5901947021484
comp2,42,dsf_comp3,3322.4401988983154
comp2,42,dsr_comp4,3182.666289329529
comp2,42,dsf_comp4,3604.558698654175
comp2,42,dsr_comp1_per_age,2115.967408180237
comp2,42,dsr_comp2_per_age,1561.2278995513916
comp2,42,dsr_comp3_per_age,1944.0261993408203
comp2,42,dsr_comp4_per_age,3899.6791105270386
comp3,7,volt_mean,0.0
comp3,7,volt_std,1.9600199460983276
comp3,7,rotate_mean,0.0
comp3,7,rotate_std,23.333499670028687
comp3,7,pressure_mean,2451.75376701355
comp3,7,pressure_std,150.8188796043396
comp3,7,vibration_mean,3.7041900157928467
comp3,7,vibration_std,20.86830997467041
comp3,7,n_obs,0.0
comp3,7,was_missing,0.0
comp3,7,volt_m3,11.285419702529907
comp3,7,volt_s3,6.969429969787598
comp3,7,volt_m7,48.35855007171631
comp3,7,volt_s7,164.6250183582306
comp3,7,volt_m14,135.52915978431702
comp3,7,volt_s14,239.5309386253357
comp3,7,volt_m30,126.4089002609253
comp3,7,volt_s30,282.0077610015869
comp3,7,volt_trend,28.36037039756775
comp3,7,volt_z,30.51937985420227
comp3,7,volt_rng7,201.86741852760315
comp3,7,rotate_m3,38.281010150909424
comp3,7,rotate_s3,4.571589946746826
comp3,7,rotate_m7,78.59809923171997
comp3,7,rotate_s7,68.44722986221313
comp3,7,rotate_m14,156.94878935813904
comp3,7,rotate_s14,174.33125114440918
comp3,7,rotate_m30,271.8091378211975
comp3,7,rotate_s30,353.1406424045563
comp3,7,rotate_trend,153.22627890110016
comp3,7,rotate_z,55.97840976715088
comp3,7,rotate_rng7,150.44976043701172
comp3,7,pressure_m3,344.05390906333923
comp3,7,pressure_s3,274.8211829662323
comp3,7,pressure_m7,31.043109893798828
comp3,7,pressure_s7,171.7168207168579
comp3,7,pressure_m14,153.9970896244049
comp3,7,pressure_s14,228.10484850406647
comp3,7,pressure_m30,115.21854043006897
comp3,7,pressure_s30,322.804048538208
comp3,7,pressure_trend,85.5881597995758
comp3,7,pressure_z,66.64394044876099
comp3,7,pressure_rng7,148.0955421924591
comp3,7,vibration_m3,0.0
comp3,7,vibration_s3,30.130899667739868
comp3,7,vibration_m7,125.33211970329285
comp3,7,vibration_s7,202.8334722518921
comp3,7,vibration_m14,86.84891986846924
comp3,7,vibration_s14,225.1187982559204
comp3,7,vibration_m30,274.5384318828583
comp3,7,vibration_s30,767.6312730312347
comp3,7,vibration_trend,108.35075092315674
comp3,7,vibration_z,94.19943070411682
comp3,7,vibration_rng7,229.77237963676453
comp3,7,err_any,96.10699200630188
comp3,7,error1_7d,0.0
comp3,7,error2_7d,14.222750663757324
comp3,7,error3_7d,0.0
comp3,7,error4_7d,128.81642079353333
comp3,7,error5_7d,0.0
comp3,7,err_any_7d,11.50979995727539
comp3,7,error1_30d,149.9025182723999
comp3,7,error2_30d,30.187499523162842
comp3,7,error3_30d,199.72532749176025
comp3,7,error4_30d,65.76774787902832
comp3,7,error5_30d,44.491498947143555
comp3,7,err_any_30d,85.07020974159241
comp3,7,dsr_comp1,1995.9227256774902
comp3,7,dsf_comp1,267.39823269844055
comp3,7,dsr_comp2,1511.362119436264
comp3,7,dsf_comp2,179.99891901016235
comp3,7,dsr_comp3,6420.681873321533
comp3,7,dsf_comp3,4716.943761110306
comp3,7,dsr_comp4,1995.1768233776093
comp3,7,dsf_comp4,221.10795068740845
comp3,7,dsr_comp1_per_age,384.3311814069748
comp3,7,dsr_comp2_per_age,385.64186930656433
comp3,7,dsr_comp3_per_age,863.3313019275665
comp3,7,dsr_comp4_per_age,233.56932997703552
comp3,8,volt_mean,0.0
comp3,8,volt_std,0.0
comp3,8,rotate_mean,0.0
comp3,8,rotate_std,0.0
comp3,8,pressure_mean,2060.9315338134766
comp3,8,pressure_std,104.1155014038086
comp3,8,vibration_mean,15.47143030166626
comp3,8,vibration_std,6.697000026702881
comp3,8,n_obs,0.0
comp3,8,was_missing,0.0
comp3,8,volt_m3,0.0
comp3,8,volt_s3,0.0
comp3,8,volt_m7,22.711100578308105
comp3,8,volt_s7,40.3783392906189
comp3,8,volt_m14,91.00049781799316
comp3,8,volt_s14,130.54746866226196
comp3,8,volt_m30,61.59385013580322
comp3,8,volt_s30,172.9376983642578
comp3,8,volt_trend,11.622730255126953
comp3,8,volt_z,30.347999572753906
comp3,8,volt_rng7,89.39190196990967
comp3,8,rotate_m3,0.0
comp3,8,rotate_s3,24.056100845336914
comp3,8,rotate_m7,45.32339954376221
comp3,8,rotate_s7,45.26383018493652
comp3,8,rotate_m14,131.87218809127808
comp3,8,rotate_s14,174.28851699829102
comp3,8,rotate_m30,237.88419485092163
comp3,8,rotate_s30,450.8615527153015
comp3,8,rotate_trend,64.15591955184937
comp3,8,rotate_z,0.0
comp3,8,rotate_rng7,50.70009899139404
comp3,8,pressure_m3,288.83545541763306
comp3,8,pressure_s3,101.74609851837158
comp3,8,pressure_m7,11.49779987335205
comp3,8,pressure_s7,94.91060066223145
comp3,8,pressure_m14,40.88434076309204
comp3,8,pressure_s14,207.0369849205017
comp3,8,pressure_m30,43.1332106590271
comp3,8,pressure_s30,318.52253341674805
comp3,8,pressure_trend,48.81199932098389
comp3,8,pressure_z,109.55890107154846
comp3,8,pressure_rng7,60.28719902038574
comp3,8,vibration_m3,0.0
comp3,8,vibration_s3,11.104100227355957
comp3,8,vibration_m7,90.28699684143066
comp3,8,vibration_s7,258.5063238143921
comp3,8,vibration_m14,38.306029319763184
comp3,8,vibration_s14,76.80618000030518
comp3,8,vibration_m30,187.0051784515381
comp3,8,vibration_s30,458.6037998199463
comp3,8,vibration_trend,19.333099365234375
comp3,8,vibration_z,115.80219841003418
comp3,8,vibration_rng7,99.79019927978516
comp3,8,err_any,71.12930297851562
comp3,8,error1_7d,0.0
comp3,8,error2_7d,0.0
comp3,8,error3_7d,10.824899673461914
comp3,8,error4_7d,57.01789951324463
comp3,8,error5_7d,0.0
comp3,8,err_any_7d,0.0
comp3,8,error1_30d,60.70957005023956
comp3,8,error2_30d,37.19350051879883
comp3,8,error3_30d,131.4426975250244
comp3,8,error4_30d,0.0
comp3,8,error5_30d,0.0
comp3,8,err_any_30d,43.17959976196289
comp3,8,dsr_comp1,1694.049744606018
comp3,8,dsf_comp1,239.42310857772827
comp3,8,dsr_comp2,1112.7584133148193
comp3,8,dsf_comp2,360.48167991638184
comp3,8,dsr_comp3,4390.381784915924
comp3,8,dsf_comp3,5003.129208564758
comp3,8,dsr_comp4,1445.082308769226
comp3,8,dsf_comp4,164.49040031433105
comp3,8,dsr_comp1_per_age,348.15669345855713
comp3,8,dsr_comp2_per_age,222.77119779586792
comp3,8,dsr_comp3_per_age,651.3331625461578
comp3,8,dsr_comp4_per_age,146.3938183784485
comp3,14,volt_mean,0.0
comp3,14,volt_std,0.0
comp3,14,rotate_mean,0.0
comp3,14,rotate_std,0.0
comp3,14,pressure_mean,565.2108993530273
comp3,14,pressure_std,0.0
comp3,14,vibration_mean,0.0
comp3,14,vibration_std,0.0
comp3,14,n_obs,0.0
comp3,14,was_missing,0.0
comp3,14,volt_m3,0.0
comp3,14,volt_s3,0.0
comp3,14,volt_m7,0.0
comp3,14,volt_s7,0.0
comp3,14,volt_m14,130.12860107421875
comp3,14,volt_s14,294.5207977294922
comp3,14,volt_m30,120.44189834594727
comp3,14,volt_s30,111.78429794311523
comp3,14,volt_trend,0.0
comp3,14,volt_z,18.813400268554688
comp3,14,volt_rng7,0.0
comp3,14,rotate_m3,0.0
comp3,14,rotate_s3,0.0
comp3,14,rotate_m7,0.0
comp3,14,rotate_s7,0.0
comp3,14,rotate_m14,28.462600708007812
comp3,14,rotate_s14,154.20519638061523
comp3,14,rotate_m30,398.41259002685547
comp3,14,rotate_s30,31.330900192260742
comp3,14,rotate_trend,0.0
comp3,14,rotate_z,36.507999420166016
comp3,14,rotate_rng7,57.960899353027344
comp3,14,pressure_m3,0.0
comp3,14,pressure_s3,0.0
comp3,14,pressure_m7,0.0
comp3,14,pressure_s7,0.0
comp3,14,pressure_m14,0.0
comp3,14,pressure_s14,381.76051139831543
comp3,14,pressure_m30,132.07200241088867
comp3,14,pressure_s30,253.45840072631836
comp3,14,pressure_trend,0.0
comp3,14,pressure_z,0.0
comp3,14,pressure_rng7,0.0
comp3,14,vibration_m3,0.0
comp3,14,vibration_s3,0.0
comp3,14,vibration_m7,115.32509994506836
comp3,14,vibration_s7,0.0
comp3,14,vibration_m14,0.0
comp3,14,vibration_s14,32.17020034790039
comp3,14,vibration_m30,0.0
comp3,14,vibration_s30,1148.8692169189453
comp3,14,vibration_trend,69.1104965209961
comp3,14,vibration_z,0.0
comp3,14,vibration_rng7,77.89199829101562
comp3,14,err_any,0.0
comp3,14,error1_7d,0.0
comp3,14,error2_7d,0.0
comp3,14,error3_7d,0.0
comp3,14,error4_7d,0.0
comp3,14,error5_7d,0.0
comp3,14,err_any_7d,0.0
comp3,14,error1_30d,113.03099822998047
comp3,14,error2_30d,0.0
comp3,14,error3_30d,140.37310218811035
comp3,14,error4_30d,0.0
comp3,14,error5_30d,0.0
comp3,14,err_any_30d,0.0
comp3,14,dsr_comp1,309.1966094970703
comp3,14,dsf_comp1,607.8671989440918
comp3,14,dsr_comp2,115.79439926147461
comp3,14,dsf_comp2,182.4481964111328
comp3,14,dsr_comp3,3553.1328926086426
comp3,14,dsf_comp3,4752.303991317749
comp3,14,dsr_comp4,745.5207862854004
comp3,14,dsf_comp4,111.75399780273438
comp3,14,dsr_comp1_per_age,524.2919044494629
comp3,14,dsr_comp2_per_age,360.16419982910156
comp3,14,dsr_comp3_per_age,261.4093990325928
comp3,14,dsr_comp4_per_age,71.73169708251953
comp3,16,volt_mean,0.0
comp3,16,volt_std,0.0
comp3,16,rotate_mean,5.410359859466553
comp3,16,rotate_std,0.0
comp3,16,pressure_mean,970.1801657676697
comp3,16,pressure_std,11.49209976196289
comp3,16,vibration_mean,0.0
comp3,16,vibration_std,0.0
comp3,16,n_obs,0.0
comp3,16,was_missing,0.0
comp3,16,volt_m3,5.276490211486816
comp3,16,volt_s3,0.0
comp3,16,volt_m7,70.34627056121826
comp3,16,volt_s7,183.91649055480957
comp3,16,volt_m14,365.27325916290283
comp3,16,volt_s14,763.548216342926
comp3,16,volt_m30,473.4794020652771
comp3,16,volt_s30,1080.6557097434998
comp3,16,volt_trend,39.07981061935425
comp3,16,volt_z,54.0796594619751
comp3,16,volt_rng7,119.58863735198975
comp3,16,rotate_m3,0.0
comp3,16,rotate_s3,0.0
comp3,16,rotate_m7,23.44642972946167
comp3,16,rotate_s7,16.177550077438354
comp3,16,rotate_m14,206.89656925201416
comp3,16,rotate_s14,395.5167832374573
comp3,16,rotate_m30,908.5821723937988
comp3,16,rotate_s30,855.3457064628601
comp3,16,rotate_trend,97.33723020553589
comp3,16,rotate_z,44.006311893463135
comp3,16,rotate_rng7,65.11671924591064
comp3,16,pressure_m3,24.83846092224121
comp3,16,pressure_s3,19.695999145507812
comp3,16,pressure_m7,19.097900390625
comp3,16,pressure_s7,55.961350440979004
comp3,16,pressure_m14,165.90449810028076
comp3,16,pressure_s14,811.0117039680481
comp3,16,pressure_m30,631.5805706977844
comp3,16,pressure_s30,958.6222562789917
comp3,16,pressure_trend,167.198100566864
comp3,16,pressure_z,5.714690208435059
comp3,16,pressure_rng7,27.83427906036377
comp3,16,vibration_m3,51.24503040313721
comp3,16,vibration_s3,24.821199417114258
comp3,16,vibration_m7,56.95657968521118
comp3,16,vibration_s7,59.98456954956055
comp3,16,vibration_m14,300.30499839782715
comp3,16,vibration_s14,372.80881214141846
comp3,16,vibration_m30,514.9254179000854
comp3,16,vibration_s30,2109.273723602295
comp3,16,vibration_trend,38.940799713134766
comp3,16,vibration_z,0.0
comp3,16,vibration_rng7,83.31016111373901
comp3,16,err_any,48.883769035339355
comp3,16,error1_7d,9.179229736328125
comp3,16,error2_7d,0.0
comp3,16,error3_7d,10.168100357055664
comp3,16,error4_7d,179.4117307662964
comp3,16,error5_7d,0.0
comp3,16,err_any_7d,0.0
comp3,16,error1_30d,276.7330012321472
comp3,16,error2_30d,267.42412853240967
comp3,16,error3_30d,609.8630876541138
comp3,16,error4_30d,197.80622959136963
comp3,16,error5_30d,74.28156995773315
comp3,16,err_any_30d,202.87124300003052
comp3,16,dsr_comp1,1599.490812778473
comp3,16,dsf_comp1,1691.2504048347473
comp3,16,dsr_comp2,1397.3232517242432
comp3,16,dsf_comp2,1305.7474880218506
comp3,16,dsr_comp3,10986.120007038116
comp3,16,dsf_comp3,12439.035155773163
comp3,16,dsr_comp4,2119.33087015152
comp3,16,dsf_comp4,1180.8933448791504
comp3,16,dsr_comp1_per_age,1273.9554424285889
comp3,16,dsr_comp2_per_age,657.3349537849426
comp3,16,dsr_comp3_per_age,2316.840887069702
comp3,16,dsr_comp4_per_age,855.8279342651367
comp3,21,volt_mean,0.0
comp3,21,volt_std,0.0
comp3,21,rotate_mean,0.0
comp3,21,rotate_std,0.0
comp3,21,pressure_mean,587.3959980010986
comp3,21,pressure_std,0.0
comp3,21,vibration_mean,0.0
comp3,21,vibration_std,0.0
comp3,21,n_obs,0.0
comp3,21,was_missing,0.0
comp3,21,volt_m3,0.0
comp3,21,volt_s3,0.0
comp3,21,volt_m7,0.0
comp3,21,volt_s7,0.0
comp3,21,volt_m14,73.06599998474121
comp3,21,volt_s14,151.9449005126953
comp3,21,volt_m30,288.9066982269287
comp3,21,volt_s30,471.1882076263428
comp3,21,volt_trend,0.0
comp3,21,volt_z,0.0
comp3,21,volt_rng7,0.0
comp3,21,rotate_m3,0.0
comp3,21,rotate_s3,0.0
comp3,21,rotate_m7,0.0
comp3,21,rotate_s7,104.23690032958984
comp3,21,rotate_m14,103.8528003692627
comp3,21,rotate_s14,99.80520057678223
comp3,21,rotate_m30,642.168586730957
comp3,21,rotate_s30,926.9369106292725
comp3,21,rotate_trend,121.49049949645996
comp3,21,rotate_z,0.0
comp3,21,rotate_rng7,0.0
comp3,21,pressure_m3,0.0
comp3,21,pressure_s3,0.0
comp3,21,pressure_m7,24.239500045776367
comp3,21,pressure_s7,161.46110153198242
comp3,21,pressure_m14,99.5492992401123
comp3,21,pressure_s14,574.826997756958
comp3,21,pressure_m30,670.9682960510254
comp3,21,pressure_s30,711.6811046600342
comp3,21,pressure_trend,240.09810256958008
comp3,21,pressure_z,22.682199478149414
comp3,21,pressure_rng7,0.0
comp3,21,vibration_m3,0.0
comp3,21,vibration_s3,0.0
comp3,21,vibration_m7,0.0
comp3,21,vibration_s7,0.0
comp3,21,vibration_m14,270.2112007141113
comp3,21,vibration_s14,258.7823944091797
comp3,21,vibration_m30,296.085298538208
comp3,21,vibration_s30,1222.510913848877
comp3,21,vibration_trend,0.0
comp3,21,vibration_z,0.0
comp3,21,vibration_rng7,21.32900047302246
comp3,21,err_any,19.229700088500977
comp3,21,error1_7d,0.0
comp3,21,error2_7d,0.0
comp3,21,error3_7d,28.78019905090332
comp3,21,error4_7d,143.12150192260742
comp3,21,error5_7d,42.91899871826172
comp3,21,err_any_7d,0.0
comp3,21,error1_30d,260.3282012939453
comp3,21,error2_30d,145.1051959991455
comp3,21,error3_30d,283.9323024749756
comp3,21,error4_30d,0.0
comp3,21,error5_30d,37.191001892089844
comp3,21,err_any_30d,253.57629776000977
comp3,21,dsr_comp1,999.9971008300781
comp3,21,dsf_comp1,1060.4017887115479
comp3,21,dsr_comp2,457.8080997467041
comp3,21,dsf_comp2,855.4584007263184
comp3,21,dsr_comp3,6665.695009231567
comp3,21,dsf_comp3,12090.759885787964
comp3,21,dsr_comp4,955.7525978088379
comp3,21,dsf_comp4,505.16260147094727
comp3,21,dsr_comp1_per_age,1057.8211116790771
comp3,21,dsr_comp2_per_age,726.8218021392822
comp3,21,dsr_comp3_per_age,2232.167802810669
comp3,21,dsr_comp4_per_age,302.79770278930664
comp3,24,volt_mean,0.0
comp3,24,volt_std,0.0
comp3,24,rotate_mean,0.0
comp3,24,rotate_std,0.0
comp3,24,pressure_mean,640.6490888595581
comp3,24,pressure_std,0.0
comp3,24,vibration_mean,0.0
comp3,24,vibration_std,0.0
comp3,24,n_obs,0.0
comp3,24,was_missing,0.0
comp3,24,volt_m3,0.0
comp3,24,volt_s3,0.0
comp3,24,volt_m7,0.0
comp3,24,volt_s7,10.86989974975586
comp3,24,volt_m14,304.5755476951599
comp3,24,volt_s14,316.76774072647095
comp3,24,volt_m30,559.4419522285461
comp3,24,volt_s30,1100.5207734107971
comp3,24,volt_trend,17.0310001373291
comp3,24,volt_z,31.198980808258057
comp3,24,volt_rng7,39.36429977416992
comp3,24,rotate_m3,0.0
comp3,24,rotate_s3,0.0
comp3,24,rotate_m7,79.83188056945801
comp3,24,rotate_s7,213.05686283111572
comp3,24,rotate_m14,381.43614864349365
comp3,24,rotate_s14,163.49791049957275
comp3,24,rotate_m30,1165.3646869659424
comp3,24,rotate_s30,2038.5266599655151
comp3,24,rotate_trend,243.47543907165527
comp3,24,rotate_z,0.0
comp3,24,rotate_rng7,130.11190032958984
comp3,24,pressure_m3,52.51049041748047
comp3,24,pressure_s3,89.15421772003174
comp3,24,pressure_m7,74.0224494934082
comp3,24,pressure_s7,393.24289417266846
comp3,24,pressure_m14,118.27414989471436
comp3,24,pressure_s14,620.02046251297
comp3,24,pressure_m30,1323.400580406189
comp3,24,pressure_s30,1124.9014234542847
comp3,24,pressure_trend,230.48215866088867
comp3,24,pressure_z,0.0
comp3,24,pressure_rng7,36.69236087799072
comp3,24,vibration_m3,0.0
comp3,24,vibration_s3,0.0
comp3,24,vibration_m7,7.08351993560791
comp3,24,vibration_s7,9.632989883422852
comp3,24,vibration_m14,379.15457248687744
comp3,24,vibration_s14,307.7292642593384
comp3,24,vibration_m30,849.9100079536438
comp3,24,vibration_s30,1537.3956279754639
comp3,24,vibration_trend,48.51978874206543
comp3,24,vibration_z,32.70414972305298
comp3,24,vibration_rng7,145.89816045761108
comp3,24,err_any,19.06788921356201
comp3,24,error1_7d,0.0
comp3,24,error2_7d,0.0
comp3,24,error3_7d,0.0
comp3,24,error4_7d,89.43346166610718
comp3,24,error5_7d,0.0
comp3,24,err_any_7d,0.0
comp3,24,error1_30d,896.3868737220764
comp3,24,error2_30d,733.1311917304993
comp3,24,error3_30d,488.42623949050903
comp3,24,error4_30d,155.30041790008545
comp3,24,error5_30d,69.86770153045654
comp3,24,err_any_30d,650.174458026886
comp3,24,dsr_comp1,1502.3856511116028
comp3,24,dsf_comp1,2550.620568752289
comp3,24,dsr_comp2,1315.6451449394226
comp3,24,dsf_comp2,1754.4856457710266
comp3,24,dsr_comp3,12524.38843202591
comp3,24,dsf_comp3,18668.118270397186
comp3,24,dsr_comp4,1603.39639377594
comp3,24,dsf_comp4,1693.0989756584167
comp3,24,dsr_comp1_per_age,1847.796850681305
comp3,24,dsr_comp2_per_age,1651.051073551178
comp3,24,dsr_comp3_per_age,2987.3273186683655
comp3,24,dsr_comp4_per_age,866.1658663749695
comp3,28,volt_mean,0.0
comp3,28,volt_std,0.0
comp3,28,rotate_mean,0.0
comp3,28,rotate_std,0.0
comp3,28,pressure_mean,458.6672058105469
comp3,28,pressure_std,0.0
comp3,28,vibration_mean,0.0
comp3,28,vibration_std,0.0
comp3,28,n_obs,0.0
comp3,28,was_missing,0.0
comp3,28,volt_m3,0.0
comp3,28,volt_s3,0.0
comp3,28,volt_m7,0.0
comp3,28,volt_s7,30.69569969177246
comp3,28,volt_m14,37.13019943237305
comp3,28,volt_s14,130.9255027770996
comp3,28,volt_m30,300.8751029968262
comp3,28,volt_s30,662.5757808685303
comp3,28,volt_trend,0.0
comp3,28,volt_z,38.04349899291992
comp3,28,volt_rng7,0.0
comp3,28,rotate_m3,0.0
comp3,28,rotate_s3,0.0
comp3,28,rotate_m7,0.0
comp3,28,rotate_s7,0.0
comp3,28,rotate_m14,336.86470794677734
comp3,28,rotate_s14,137.89539909362793
comp3,28,rotate_m30,667.3721961975098
comp3,28,rotate_s30,981.1461009979248
comp3,28,rotate_trend,0.0
comp3,28,rotate_z,38.084598541259766
comp3,28,rotate_rng7,40.71110153198242
comp3,28,pressure_m3,0.0
comp3,28,pressure_s3,0.0
comp3,28,pressure_m7,0.0
comp3,28,pressure_s7,58.82499885559082
comp3,28,pressure_m14,0.0
comp3,28,pressure_s14,244.39529991149902
comp3,28,pressure_m30,563.3101978302002
comp3,28,pressure_s30,466.20178985595703
comp3,28,pressure_trend,150.66279792785645
comp3,28,pressure_z,19.755300521850586
comp3,28,pressure_rng7,24.04010009765625
comp3,28,vibration_m3,0.0
comp3,28,vibration_s3,0.0
comp3,28,vibration_m7,0.0
comp3,28,vibration_s7,0.0
comp3,28,vibration_m14,131.36250495910645
comp3,28,vibration_s14,118.49910163879395
comp3,28,vibration_m30,345.4992980957031
comp3,28,vibration_s30,969.7140007019043
comp3,28,vibration_trend,0.0
comp3,28,vibration_z,0.0
comp3,28,vibration_rng7,94.99799728393555
comp3,28,err_any,47.92259979248047
comp3,28,error1_7d,0.0
comp3,28,error2_7d,0.0
comp3,28,error3_7d,0.0
comp3,28,error4_7d,0.0
comp3,28,error5_7d,0.0
comp3,28,err_any_7d,0.0
comp3,28,error1_30d,473.91848373413086
comp3,28,error2_30d,360.67599868774414
comp3,28,error3_30d,120.05019950866699
comp3,28,error4_30d,65.93569946289062
comp3,28,error5_30d,43.91830062866211
comp3,28,err_any_30d,617.2705955505371
comp3,28,dsr_comp1,852.6899967193604
comp3,28,dsf_comp1,1429.487699508667
comp3,28,dsr_comp2,626.8426914215088
comp3,28,dsf_comp2,1237.4504871368408
comp3,28,dsr_comp3,6821.010097503662
comp3,28,dsf_comp3,14168.618480682373
comp3,28,dsr_comp4,1542.5917167663574
comp3,28,dsf_comp4,725.0206985473633
comp3,28,dsr_comp1_per_age,1191.4359951019287
comp3,28,dsr_comp2_per_age,703.0168895721436
comp3,28,dsr_comp3_per_age,1674.8765125274658
comp3,28,dsr_comp4_per_age,375.31349754333496
comp3,35,volt_mean,0.0
comp3,35,volt_std,0.0
comp3,35,rotate_mean,0.0
comp3,35,rotate_std,0.0
comp3,35,pressure_mean,474.68680238723755
comp3,35,pressure_std,0.0
comp3,35,vibration_mean,0.0
comp3,35,vibration_std,0.0
comp3,35,n_obs,0.0
comp3,35,was_missing,0.0
comp3,35,volt_m3,11.65050983428955
comp3,35,volt_s3,5.645540237426758
comp3,35,volt_m7,7.253610134124756
comp3,35,volt_s7,57.43055009841919
comp3,35,volt_m14,664.3436923027039
comp3,35,volt_s14,516.7277002334595
comp3,35,volt_m30,1207.9790308475494
comp3,35,volt_s30,1294.6609830856323
comp3,35,volt_trend,38.12392997741699
comp3,35,volt_z,56.10357999801636
comp3,35,volt_rng7,130.0366792678833
comp3,35,rotate_m3,0.0
comp3,35,rotate_s3,14.680249691009521
comp3,35,rotate_m7,28.835801124572754
comp3,35,rotate_s7,86.54834985733032
comp3,35,rotate_m14,359.4731984138489
comp3,35,rotate_s14,524.5589690208435
comp3,35,rotate_m30,2254.723948955536
comp3,35,rotate_s30,2726.011832714081
comp3,35,rotate_trend,6.6448798179626465
comp3,35,rotate_z,17.86079978942871
comp3,35,rotate_rng7,253.29088068008423
comp3,35,pressure_m3,45.09054088592529
comp3,35,pressure_s3,42.403900146484375
comp3,35,pressure_m7,6.924170017242432
comp3,35,pressure_s7,38.8592209815979
comp3,35,pressure_m14,246.89464235305786
comp3,35,pressure_s14,633.6806616783142
comp3,35,pressure_m30,1952.9652347564697
comp3,35,pressure_s30,1731.6467440128326
comp3,35,pressure_trend,173.32791709899902
comp3,35,pressure_z,55.208019733428955
comp3,35,pressure_rng7,43.79405117034912
comp3,35,vibration_m3,0.0
comp3,35,vibration_s3,0.0
comp3,35,vibration_m7,26.042409420013428
comp3,35,vibration_s7,33.86362075805664
comp3,35,vibration_m14,284.27918004989624
comp3,35,vibration_s14,493.06827878952026
comp3,35,vibration_m30,971.9802169799805
comp3,35,vibration_s30,1851.1772303581238
comp3,35,vibration_trend,108.20706081390381
comp3,35,vibration_z,45.40758991241455
comp3,35,vibration_rng7,362.23858976364136
comp3,35,err_any,44.55090951919556
comp3,35,error1_7d,6.549849987030029
comp3,35,error2_7d,6.08420991897583
comp3,35,error3_7d,0.0
comp3,35,error4_7d,20.0927996635437
comp3,35,error5_7d,0.0
comp3,35,err_any_7d,19.729089736938477
comp3,35,error1_30d,928.1640429496765
comp3,35,error2_30d,1433.1059589385986
comp3,35,error3_30d,364.2382388114929
comp3,35,error4_30d,286.6158399581909
comp3,35,error5_30d,386.97443151474
comp3,35,err_any_30d,946.1593461036682
comp3,35,dsr_comp1,1931.0946145057678
comp3,35,dsf_comp1,2936.062364578247
comp3,35,dsr_comp2,1315.7096002101898
comp3,35,dsf_comp2,2681.8747186660767
comp3,35,dsr_comp3,14241.910524368286
comp3,35,dsf_comp3,25334.904808282852
comp3,35,dsr_comp4,3559.5128622055054
comp3,35,dsf_comp4,2800.2362446784973
comp3,35,dsr_comp1_per_age,2184.162748813629
comp3,35,dsr_comp2_per_age,2082.1811470985413
comp3,35,dsr_comp3_per_age,3778.747107028961
comp3,35,dsr_comp4_per_age,1449.803867816925
comp3,42,volt_mean,0.0
comp3,42,volt_std,0.0
comp3,42,rotate_mean,0.0
comp3,42,rotate_std,0.0
comp3,42,pressure_mean,0.0
comp3,42,pressure_std,0.0
comp3,42,vibration_mean,0.0
comp3,42,vibration_std,0.0
comp3,42,n_obs,0.0
comp3,42,was_missing,0.0
comp3,42,volt_m3,0.0
comp3,42,volt_s3,0.0
comp3,42,volt_m7,0.0
comp3,42,volt_s7,0.0
comp3,42,volt_m14,0.0
comp3,42,volt_s14,101.7959976196289
comp3,42,volt_m30,583.7292022705078
comp3,42,volt_s30,134.09300231933594
comp3,42,volt_trend,0.0
comp3,42,volt_z,0.0
comp3,42,volt_rng7,48.938201904296875
comp3,42,rotate_m3,0.0
comp3,42,rotate_s3,0.0
comp3,42,rotate_m7,0.0
comp3,42,rotate_s7,0.0
comp3,42,rotate_m14,0.0
comp3,42,rotate_s14,147.03030014038086
comp3,42,rotate_m30,248.5840950012207
comp3,42,rotate_s30,512.7397956848145
comp3,42,rotate_trend,0.0
comp3,42,rotate_z,0.0
comp3,42,rotate_rng7,0.0
comp3,42,pressure_m3,0.0
comp3,42,pressure_s3,0.0
comp3,42,pressure_m7,0.0
comp3,42,pressure_s7,0.0
comp3,42,pressure_m14,103.93499755859375
comp3,42,pressure_s14,0.0
comp3,42,pressure_m30,392.0667953491211
comp3,42,pressure_s30,238.57360076904297
comp3,42,pressure_trend,57.464900970458984
comp3,42,pressure_z,0.0
comp3,42,pressure_rng7,0.0
comp3,42,vibration_m3,0.0
comp3,42,vibration_s3,0.0
comp3,42,vibration_m7,0.0
comp3,42,vibration_s7,0.0
comp3,42,vibration_m14,0.0
comp3,42,vibration_s14,0.0
comp3,42,vibration_m30,58.179100036621094
comp3,42,vibration_s30,716.4084892272949
comp3,42,vibration_trend,52.083499908447266
comp3,42,vibration_z,0.0
comp3,42,vibration_rng7,0.0
comp3,42,err_any,0.0
comp3,42,error1_7d,0.0
comp3,42,error2_7d,0.0
comp3,42,error3_7d,0.0
comp3,42,error4_7d,0.0
comp3,42,error5_7d,0.0
comp3,42,err_any_7d,0.0
comp3,42,error1_30d,250.1374969482422
comp3,42,error2_30d,126.52130508422852
comp3,42,error3_30d,113.33269500732422
comp3,42,error4_30d,0.0
comp3,42,error5_30d,0.0
comp3,42,err_any_30d,111.02750015258789
comp3,42,dsr_comp1,650.4748954772949
comp3,42,dsf_comp1,566.337890625
comp3,42,dsr_comp2,166.5275001525879
comp3,42,dsf_comp2,390.4979057312012
comp3,42,dsr_comp3,3940.647373199463
comp3,42,dsf_comp3,11903.718357086182
comp3,42,dsr_comp4,1965.8692932128906
comp3,42,dsf_comp4,184.7979965209961
comp3,42,dsr_comp1_per_age,643.9743957519531
comp3,42,dsr_comp2_per_age,288.341796875
comp3,42,dsr_comp3_per_age,799.9123992919922
comp3,42,dsr_comp4_per_age,232.6259002685547
comp4,7,volt_mean,16.95870018005371
comp4,7,volt_std,0.0
comp4,7,rotate_mean,20.06089973449707
comp4,7,rotate_std,0.0
comp4,7,pressure_mean,11.866900444030762
comp4,7,pressure_std,8.51574993133545
comp4,7,vibration_mean,3628.276218891144
comp4,7,vibration_std,193.16769862174988
comp4,7,n_obs,0.0
comp4,7,was_missing,0.0
comp4,7,volt_m3,31.142070293426514
comp4,7,volt_s3,28.751830577850342
comp4,7,volt_m7,35.51017093658447
comp4,7,volt_s7,274.172367811203
comp4,7,volt_m14,349.31862902641296
comp4,7,volt_s14,215.98493146896362
comp4,7,volt_m30,201.7091715335846
comp4,7,volt_s30,572.1085247993469
comp4,7,volt_trend,102.3433895111084
comp4,7,volt_z,59.035730600357056
comp4,7,volt_rng7,237.5411012172699
comp4,7,rotate_m3,15.202500104904175
comp4,7,rotate_s3,23.7149395942688
comp4,7,rotate_m7,135.40308022499084
comp4,7,rotate_s7,73.62526893615723
comp4,7,rotate_m14,201.22683906555176
comp4,7,rotate_s14,164.6385395526886
comp4,7,rotate_m30,408.82850980758667
comp4,7,rotate_s30,316.9042274951935
comp4,7,rotate_trend,71.8961091041565
comp4,7,rotate_z,9.478699922561646
comp4,7,rotate_rng7,195.38208985328674
comp4,7,pressure_m3,125.16956758499146
comp4,7,pressure_s3,26.123860120773315
comp4,7,pressure_m7,79.19247031211853
comp4,7,pressure_s7,148.3562195301056
comp4,7,pressure_m14,409.4890491962433
comp4,7,pressure_s14,314.02330017089844
comp4,7,pressure_m30,363.47077989578247
comp4,7,pressure_s30,513.0621573925018
comp4,7,pressure_trend,211.97997117042542
comp4,7,pressure_z,147.39468812942505
comp4,7,pressure_rng7,106.9380202293396
comp4,7,vibration_m3,19.514249801635742
comp4,7,vibration_s3,264.8885281085968
comp4,7,vibration_m7,78.16338920593262
comp4,7,vibration_s7,185.0190508365631
comp4,7,vibration_m14,70.5223298072815
comp4,7,vibration_s14,206.8711404800415
comp4,7,vibration_m30,242.39454102516174
comp4,7,vibration_s30,504.08718061447144
comp4,7,vibration_trend,106.7927393913269
comp4,7,vibration_z,38.45006084442139
comp4,7,vibration_rng7,238.74225044250488
comp4,7,err_any,27.85345983505249
comp4,7,error1_7d,0.0
comp4,7,error2_7d,28.635290145874023
comp4,7,error3_7d,110.95290279388428
comp4,7,error4_7d,29.788000106811523
comp4,7,error5_7d,284.5355820655823
comp4,7,err_any_7d,0.0
comp4,7,error1_30d,23.823090076446533
comp4,7,error2_30d,79.5749397277832
comp4,7,error3_30d,61.12527942657471
comp4,7,error4_30d,36.493409872055054
comp4,7,error5_30d,32.82624053955078
comp4,7,err_any_30d,228.59451866149902
comp4,7,dsr_comp1,2780.4415011405945
comp4,7,dsf_comp1,703.4588527679443
comp4,7,dsr_comp2,2136.878259420395
comp4,7,dsf_comp2,888.1547257900238
comp4,7,dsr_comp3,1970.353238582611
comp4,7,dsf_comp3,329.96736574172974
comp4,7,dsr_comp4,9446.429366350174
comp4,7,dsf_comp4,2965.037950515747
comp4,7,dsr_comp1_per_age,1330.2405669689178
comp4,7,dsr_comp2_per_age,926.7067217826843
comp4,7,dsr_comp3_per_age,903.1212341785431
comp4,7,dsr_comp4_per_age,2058.984606742859
comp4,8,volt_mean,9.294930458068848
comp4,8,volt_std,0.0
comp4,8,rotate_mean,0.0
comp4,8,rotate_std,0.0
comp4,8,pressure_mean,0.0
comp4,8,pressure_std,0.0
comp4,8,vibration_mean,3405.012677192688
comp4,8,vibration_std,46.324129581451416
comp4,8,n_obs,0.0
comp4,8,was_missing,0.0
comp4,8,volt_m3,0.0
comp4,8,volt_s3,11.229900360107422
comp4,8,volt_m7,50.16234016418457
comp4,8,volt_s7,116.25953149795532
comp4,8,volt_m14,189.2155294418335
comp4,8,volt_s14,202.87139081954956
comp4,8,volt_m30,125.07989883422852
comp4,8,volt_s30,374.08053636550903
comp4,8,volt_trend,54.89309883117676
comp4,8,volt_z,60.91731929779053
comp4,8,volt_rng7,243.35418128967285
comp4,8,rotate_m3,43.902299880981445
comp4,8,rotate_s3,0.0
comp4,8,rotate_m7,105.09945011138916
comp4,8,rotate_s7,68.61507034301758
comp4,8,rotate_m14,156.31089115142822
comp4,8,rotate_s14,133.5578088760376
comp4,8,rotate_m30,269.96073961257935
comp4,8,rotate_s30,258.2553811073303
comp4,8,rotate_trend,42.108989238739014
comp4,8,rotate_z,15.662009716033936
comp4,8,rotate_rng7,244.58896160125732
comp4,8,pressure_m3,158.25524139404297
comp4,8,pressure_s3,22.34576988220215
comp4,8,pressure_m7,57.34560012817383
comp4,8,pressure_s7,98.4694995880127
comp4,8,pressure_m14,150.23042106628418
comp4,8,pressure_s14,218.55593824386597
comp4,8,pressure_m30,588.8420372009277
comp4,8,pressure_s30,450.0732798576355
comp4,8,pressure_trend,155.96815872192383
comp4,8,pressure_z,58.442399978637695
comp4,8,pressure_rng7,16.58618974685669
comp4,8,vibration_m3,20.063469886779785
comp4,8,vibration_s3,144.77091312408447
comp4,8,vibration_m7,36.04549980163574
comp4,8,vibration_s7,80.55980014801025
comp4,8,vibration_m14,151.51422882080078
comp4,8,vibration_s14,278.9132308959961
comp4,8,vibration_m30,370.2033619880676
comp4,8,vibration_s30,508.13503980636597
comp4,8,vibration_trend,156.63397979736328
comp4,8,vibration_z,112.25067949295044
comp4,8,vibration_rng7,288.70726108551025
comp4,8,err_any,5.58991003036499
comp4,8,error1_7d,0.0
comp4,8,error2_7d,37.11629867553711
comp4,8,error3_7d,26.7716007232666
comp4,8,error4_7d,0.0
comp4,8,error5_7d,207.72763919830322
comp4,8,err_any_7d,14.998200416564941
comp4,8,error1_30d,66.47405099868774
comp4,8,error2_30d,111.10480117797852
comp4,8,error3_30d,48.4667911529541
comp4,8,error4_30d,52.16004037857056
comp4,8,error5_30d,51.64629936218262
comp4,8,err_any_30d,278.70276641845703
comp4,8,dsr_comp1,2514.8402004241943
comp4,8,dsf_comp1,589.6665372848511
comp4,8,dsr_comp2,2021.935917377472
comp4,8,dsf_comp2,1143.3123598098755
comp4,8,dsr_comp3,1777.3213949203491
comp4,8,dsf_comp3,626.4573078155518
comp4,8,dsr_comp4,9377.806377410889
comp4,8,dsf_comp4,3247.8460125923157
comp4,8,dsr_comp1_per_age,1340.9262804985046
comp4,8,dsr_comp2_per_age,849.735285282135
comp4,8,dsr_comp3_per_age,767.2077279090881
comp4,8,dsr_comp4_per_age,2327.4789686203003
comp4,14,volt_mean,0.0
comp4,14,volt_std,0.0
comp4,14,rotate_mean,0.0
comp4,14,rotate_std,0.0
comp4,14,pressure_mean,0.0
comp4,14,pressure_std,0.0
comp4,14,vibration_mean,1651.2952213287354
comp4,14,vibration_std,54.85449981689453
comp4,14,n_obs,0.0
comp4,14,was_missing,0.0
comp4,14,volt_m3,0.0
comp4,14,volt_s3,10.786600112915039
comp4,14,volt_m7,105.26380014419556
comp4,14,volt_s7,44.38259983062744
comp4,14,volt_m14,475.2515106201172
comp4,14,volt_s14,443.0985617637634
comp4,14,volt_m30,304.5322251319885
comp4,14,volt_s30,1228.5866541862488
comp4,14,volt_trend,53.89229965209961
comp4,14,volt_z,29.26959991455078
comp4,14,volt_rng7,333.5143175125122
comp4,14,rotate_m3,0.0
comp4,14,rotate_s3,0.0
comp4,14,rotate_m7,86.59680080413818
comp4,14,rotate_s7,16.646219730377197
comp4,14,rotate_m14,550.089816570282
comp4,14,rotate_s14,104.65893268585205
comp4,14,rotate_m30,658.7637915611267
comp4,14,rotate_s30,1036.3723797798157
comp4,14,rotate_trend,99.5315990447998
comp4,14,rotate_z,55.359901428222656
comp4,14,rotate_rng7,21.295599937438965
comp4,14,pressure_m3,10.219799995422363
comp4,14,pressure_s3,0.0
comp4,14,pressure_m7,141.0181484222412
comp4,14,pressure_s7,47.67348003387451
comp4,14,pressure_m14,409.82107877731323
comp4,14,pressure_s14,982.9916424751282
comp4,14,pressure_m30,1090.1789155006409
comp4,14,pressure_s30,1081.9160685539246
comp4,14,pressure_trend,150.40929889678955
comp4,14,pressure_z,26.736079216003418
comp4,14,pressure_rng7,42.48379182815552
comp4,14,vibration_m3,33.328399658203125
comp4,14,vibration_s3,125.81507682800293
comp4,14,vibration_m7,64.22057008743286
comp4,14,vibration_s7,35.704400062561035
comp4,14,vibration_m14,192.25868844985962
comp4,14,vibration_s14,365.09146881103516
comp4,14,vibration_m30,762.1437110900879
comp4,14,vibration_s30,1060.47660779953
comp4,14,vibration_trend,176.2562026977539
comp4,14,vibration_z,54.17338991165161
comp4,14,vibration_rng7,219.88906860351562
comp4,14,err_any,8.168769836425781
comp4,14,error1_7d,0.0
comp4,14,error2_7d,0.0
comp4,14,error3_7d,0.0
comp4,14,error4_7d,0.0
comp4,14,error5_7d,145.59945011138916
comp4,14,err_any_7d,21.737460136413574
comp4,14,error1_30d,163.51558017730713
comp4,14,error2_30d,457.716600894928
comp4,14,error3_30d,287.01540184020996
comp4,14,error4_30d,242.5891089439392
comp4,14,error5_30d,529.3815226554871
comp4,14,err_any_30d,460.55606174468994
comp4,14,dsr_comp1,1120.2712683677673
comp4,14,dsf_comp1,2047.8090887069702
comp4,14,dsr_comp2,1406.2962918281555
comp4,14,dsf_comp2,2350.132227420807
comp4,14,dsr_comp3,2165.8507871627808
comp4,14,dsf_comp3,1456.6000008583069
comp4,14,dsr_comp4,16844.62459230423
comp4,14,dsf_comp4,6873.395404338837
comp4,14,dsr_comp1_per_age,1514.5848393440247
comp4,14,dsr_comp2_per_age,1146.2189598083496
comp4,14,dsr_comp3_per_age,1367.864712715149
comp4,14,dsr_comp4_per_age,4871.366761207581
comp4,16,volt_mean,0.0
comp4,16,volt_std,0.0
comp4,16,rotate_mean,0.0
comp4,16,rotate_std,0.0
comp4,16,pressure_mean,0.0
comp4,16,pressure_std,0.0
comp4,16,vibration_mean,943.7319183349609
comp4,16,vibration_std,0.0
comp4,16,n_obs,0.0
comp4,16,was_missing,0.0
comp4,16,volt_m3,0.0
comp4,16,volt_s3,0.0
comp4,16,volt_m7,106.73099708557129
comp4,16,volt_s7,0.0
comp4,16,volt_m14,305.7509002685547
comp4,16,volt_s14,106.29959869384766
comp4,16,volt_m30,214.65639877319336
comp4,16,volt_s30,580.6654987335205
comp4,16,volt_trend,0.0
comp4,16,volt_z,150.39700317382812
comp4,16,volt_rng7,39.21009826660156
comp4,16,rotate_m3,0.0
comp4,16,rotate_s3,0.0
comp4,16,rotate_m7,38.77119827270508
comp4,16,rotate_s7,0.0
comp4,16,rotate_m14,136.3917999267578
comp4,16,rotate_s14,126.44309997558594
comp4,16,rotate_m30,37.47330093383789
comp4,16,rotate_s30,413.71700286865234
comp4,16,rotate_trend,22.64299964904785
comp4,16,rotate_z,0.0
comp4,16,rotate_rng7,34.46099853515625
comp4,16,pressure_m3,29.936100006103516
comp4,16,pressure_s3,0.0
comp4,16,pressure_m7,29.078100204467773
comp4,16,pressure_s7,41.46110153198242
comp4,16,pressure_m14,40.94419860839844
comp4,16,pressure_s14,537.9857940673828
comp4,16,pressure_m30,837.6171951293945
comp4,16,pressure_s30,593.1075057983398
comp4,16,pressure_trend,78.93800354003906
comp4,16,pressure_z,0.0
comp4,16,pressure_rng7,0.0
comp4,16,vibration_m3,36.904300689697266
comp4,16,vibration_s3,0.0
comp4,16,vibration_m7,0.0
comp4,16,vibration_s7,64.39839744567871
comp4,16,vibration_m14,99.6260986328125
comp4,16,vibration_s14,331.02789878845215
comp4,16,vibration_m30,311.13710021972656
comp4,16,vibration_s30,770.5672950744629
comp4,16,vibration_trend,136.21879959106445
comp4,16,vibration_z,0.0
comp4,16,vibration_rng7,118.56340026855469
comp4,16,err_any,0.0
comp4,16,error1_7d,0.0
comp4,16,error2_7d,0.0
comp4,16,error3_7d,0.0
comp4,16,error4_7d,0.0
comp4,16,error5_7d,0.0
comp4,16,err_any_7d,0.0
comp4,16,error1_30d,95.03990173339844
comp4,16,error2_30d,202.29569625854492
comp4,16,error3_30d,128.5878028869629
comp4,16,error4_30d,118.52890014648438
comp4,16,error5_30d,275.3922996520996
comp4,16,err_any_30d,145.33300018310547
comp4,16,dsr_comp1,279.77030754089355
comp4,16,dsf_comp1,1115.9471893310547
comp4,16,dsr_comp2,137.11690521240234
comp4,16,dsf_comp2,1348.582576751709
comp4,16,dsr_comp3,850.234001159668
comp4,16,dsf_comp3,677.5275993347168
comp4,16,dsr_comp4,8478.6392993927
comp4,16,dsf_comp4,4937.840682983398
comp4,16,dsr_comp1_per_age,425.05180740356445
comp4,16,dsr_comp2_per_age,413.4564037322998
comp4,16,dsr_comp3_per_age,835.7709922790527
comp4,16,dsr_comp4_per_age,2830.350917816162
comp4,21,volt_mean,0.0
comp4,21,volt_std,0.0
comp4,21,rotate_mean,0.0
comp4,21,rotate_std,0.0
comp4,21,pressure_mean,0.0
comp4,21,pressure_std,0.0
comp4,21,vibration_mean,691.8886079788208
comp4,21,vibration_std,0.0
comp4,21,n_obs,0.0
comp4,21,was_missing,0.0
comp4,21,volt_m3,22.68079948425293
comp4,21,volt_s3,0.0
comp4,21,volt_m7,57.29140090942383
comp4,21,volt_s7,106.3548002243042
comp4,21,volt_m14,623.6781229972839
comp4,21,volt_s14,157.1616973876953
comp4,21,volt_m30,727.8046445846558
comp4,21,volt_s30,1038.371066570282
comp4,21,volt_trend,9.618040084838867
comp4,21,volt_z,67.54709815979004
comp4,21,volt_rng7,270.3707060813904
comp4,21,rotate_m3,0.0
comp4,21,rotate_s3,6.537720203399658
comp4,21,rotate_m7,81.90190029144287
comp4,21,rotate_s7,49.59389877319336
comp4,21,rotate_m14,440.6751780509949
comp4,21,rotate_s14,286.5124626159668
comp4,21,rotate_m30,889.9180536270142
comp4,21,rotate_s30,925.8975806236267
comp4,21,rotate_trend,39.561500549316406
comp4,21,rotate_z,47.22006034851074
comp4,21,rotate_rng7,105.16339015960693
comp4,21,pressure_m3,39.28120040893555
comp4,21,pressure_s3,0.0
comp4,21,pressure_m7,41.51710033416748
comp4,21,pressure_s7,128.35120105743408
comp4,21,pressure_m14,300.74044132232666
comp4,21,pressure_s14,943.2738828659058
comp4,21,pressure_m30,1549.0147676467896
comp4,21,pressure_s30,1181.7384314537048
comp4,21,pressure_trend,28.693300247192383
comp4,21,pressure_z,43.62150001525879
comp4,21,pressure_rng7,33.04329013824463
comp4,21,vibration_m3,0.0
comp4,21,vibration_s3,120.65070247650146
comp4,21,vibration_m7,0.0
comp4,21,vibration_s7,68.52281093597412
comp4,21,vibration_m14,192.96563243865967
comp4,21,vibration_s14,412.79330253601074
comp4,21,vibration_m30,1275.6371955871582
comp4,21,vibration_s30,1270.9505424499512
comp4,21,vibration_trend,125.79420948028564
comp4,21,vibration_z,11.312399864196777
comp4,21,vibration_rng7,103.46655941009521
comp4,21,err_any,0.0
comp4,21,error1_7d,0.0
comp4,21,error2_7d,13.178600311279297
comp4,21,error3_7d,0.0
comp4,21,error4_7d,0.0
comp4,21,error5_7d,52.84642028808594
comp4,21,err_any_7d,0.0
comp4,21,error1_30d,193.70400142669678
comp4,21,error2_30d,355.9954023361206
comp4,21,error3_30d,318.40562629699707
comp4,21,error4_30d,68.7839002609253
comp4,21,error5_30d,534.9391746520996
comp4,21,err_any_30d,483.0057706832886
comp4,21,dsr_comp1,1413.1357798576355
comp4,21,dsf_comp1,3021.5749797821045
comp4,21,dsr_comp2,1551.9784841537476
comp4,21,dsf_comp2,3843.278793811798
comp4,21,dsr_comp3,2377.049536705017
comp4,21,dsf_comp3,1361.2946119308472
comp4,21,dsr_comp4,20115.042303562164
comp4,21,dsf_comp4,10822.698800563812
comp4,21,dsr_comp1_per_age,1933.7873177528381
comp4,21,dsr_comp2_per_age,1646.9233932495117
comp4,21,dsr_comp3_per_age,1695.8208675384521
comp4,21,dsr_comp4_per_age,7509.600685119629
comp4,24,volt_mean,0.0
comp4,24,volt_std,0.0
comp4,24,rotate_mean,0.0
comp4,24,rotate_std,0.0
comp4,24,pressure_mean,0.0
comp4,24,pressure_std,0.0
comp4,24,vibration_mean,595.4625129699707
comp4,24,vibration_std,25.18660068511963
comp4,24,n_obs,0.0
comp4,24,was_missing,0.0
comp4,24,volt_m3,0.0
comp4,24,volt_s3,0.0
comp4,24,volt_m7,141.44562149047852
comp4,24,volt_s7,118.43980312347412
comp4,24,volt_m14,446.5775637626648
comp4,24,volt_s14,95.22650051116943
comp4,24,volt_m30,1027.2225799560547
comp4,24,volt_s30,1239.6825156211853
comp4,24,volt_trend,0.0
comp4,24,volt_z,73.55449867248535
comp4,24,volt_rng7,142.4454698562622
comp4,24,rotate_m3,0.0
comp4,24,rotate_s3,0.0
comp4,24,rotate_m7,17.145200729370117
comp4,24,rotate_s7,41.96662998199463
comp4,24,rotate_m14,463.95216846466064
comp4,24,rotate_s14,304.08699131011963
comp4,24,rotate_m30,1146.1184463500977
comp4,24,rotate_s30,1195.2776126861572
comp4,24,rotate_trend,35.25069999694824
comp4,24,rotate_z,88.52099990844727
comp4,24,rotate_rng7,51.5004997253418
comp4,24,pressure_m3,0.0
comp4,24,pressure_s3,0.0
comp4,24,pressure_m7,20.73740005493164
comp4,24,pressure_s7,111.19851779937744
comp4,24,pressure_m14,304.8061304092407
comp4,24,pressure_s14,749.8439607620239
comp4,24,pressure_m30,1557.1331043243408
comp4,24,pressure_s30,1105.984275341034
comp4,24,pressure_trend,121.91497945785522
comp4,24,pressure_z,22.79259967803955
comp4,24,pressure_rng7,51.207879066467285
comp4,24,vibration_m3,0.0
comp4,24,vibration_s3,36.7859001159668
comp4,24,vibration_m7,70.65070152282715
comp4,24,vibration_s7,19.46079921722412
comp4,24,vibration_m14,459.6359453201294
comp4,24,vibration_s14,231.1021213531494
comp4,24,vibration_m30,1150.3297395706177
comp4,24,vibration_s30,1442.3407988548279
comp4,24,vibration_trend,133.38466358184814
comp4,24,vibration_z,41.62730026245117
comp4,24,vibration_rng7,170.95938920974731
comp4,24,err_any,0.0
comp4,24,error1_7d,78.62960052490234
comp4,24,error2_7d,25.068899154663086
comp4,24,error3_7d,0.0
comp4,24,error4_7d,0.0
comp4,24,error5_7d,31.73532009124756
comp4,24,err_any_7d,12.80459976196289
comp4,24,error1_30d,443.84721183776855
comp4,24,error2_30d,251.13819122314453
comp4,24,error3_30d,530.6506443023682
comp4,24,error4_30d,147.699200630188
comp4,24,error5_30d,586.1467409133911
comp4,24,err_any_30d,451.8621549606323
comp4,24,dsr_comp1,1421.6849422454834
comp4,24,dsf_comp1,3324.8630418777466
comp4,24,dsr_comp2,1919.4468116760254
comp4,24,dsf_comp2,4271.216382026672
comp4,24,dsr_comp3,3036.239290714264
comp4,24,dsf_comp3,1227.0288166999817
comp4,24,dsr_comp4,21507.16475391388
comp4,24,dsf_comp4,13168.532190322876
comp4,24,dsr_comp1_per_age,2443.1023302078247
comp4,24,dsr_comp2_per_age,1875.6779985427856
comp4,24,dsr_comp3_per_age,1732.2739152908325
comp4,24,dsr_comp4_per_age,9090.978775501251
comp4,28,volt_mean,0.0
comp4,28,volt_std,0.0
comp4,28,rotate_mean,0.0
comp4,28,rotate_std,0.0
comp4,28,pressure_mean,0.0
comp4,28,pressure_std,0.0
comp4,28,vibration_mean,378.8273630142212
comp4,28,vibration_std,0.0
comp4,28,n_obs,0.0
comp4,28,was_missing,0.0
comp4,28,volt_m3,5.626979827880859
comp4,28,volt_s3,0.0
comp4,28,volt_m7,0.0
comp4,28,volt_s7,27.296350479125977
comp4,28,volt_m14,163.14221906661987
comp4,28,volt_s14,76.84693050384521
comp4,28,volt_m30,1270.2480750083923
comp4,28,volt_s30,1690.985761642456
comp4,28,volt_trend,22.630549430847168
comp4,28,volt_z,28.47446918487549
comp4,28,volt_rng7,61.73500061035156
comp4,28,rotate_m3,0.0
comp4,28,rotate_s3,7.746319770812988
comp4,28,rotate_m7,81.32398128509521
comp4,28,rotate_s7,77.3041000366211
comp4,28,rotate_m14,348.94917011260986
comp4,28,rotate_s14,294.1456985473633
comp4,28,rotate_m30,1013.2930693626404
comp4,28,rotate_s30,1332.7370510101318
comp4,28,rotate_trend,56.47584009170532
comp4,28,rotate_z,17.62459945678711
comp4,28,rotate_rng7,58.58454084396362
comp4,28,pressure_m3,0.0
comp4,28,pressure_s3,0.0
comp4,28,pressure_m7,0.0
comp4,28,pressure_s7,42.590399742126465
comp4,28,pressure_m14,577.8956661224365
comp4,28,pressure_s14,418.05765771865845
comp4,28,pressure_m30,1282.2687449455261
comp4,28,pressure_s30,1308.0754308700562
comp4,28,pressure_trend,17.283100128173828
comp4,28,pressure_z,33.261019706726074
comp4,28,pressure_rng7,23.492390155792236
comp4,28,vibration_m3,0.0
comp4,28,vibration_s3,0.0
comp4,28,vibration_m7,120.74488973617554
comp4,28,vibration_s7,69.39610958099365
comp4,28,vibration_m14,400.59963035583496
comp4,28,vibration_s14,310.52482414245605
comp4,28,vibration_m30,742.1207065582275
comp4,28,vibration_s30,1541.3597130775452
comp4,28,vibration_trend,77.517897605896
comp4,28,vibration_z,0.0
comp4,28,vibration_rng7,67.09890174865723
comp4,28,err_any,0.0
comp4,28,error1_7d,16.63909912109375
comp4,28,error2_7d,0.0
comp4,28,error3_7d,0.0
comp4,28,error4_7d,12.318599700927734
comp4,28,error5_7d,7.829959869384766
comp4,28,err_any_7d,0.0
comp4,28,error1_30d,1012.9266033172607
comp4,28,error2_30d,248.7297706604004
comp4,28,error3_30d,421.8705892562866
comp4,28,error4_30d,243.76299858093262
comp4,28,error5_30d,886.2910737991333
comp4,28,err_any_30d,521.3052034378052
comp4,28,dsr_comp1,1616.254946231842
comp4,28,dsf_comp1,3652.6064505577087
comp4,28,dsr_comp2,2143.065043449402
comp4,28,dsf_comp2,5504.075980186462
comp4,28,dsr_comp3,3303.3746671676636
comp4,28,dsf_comp3,1762.7088956832886
comp4,28,dsr_comp4,22588.41077852249
comp4,28,dsf_comp4,15242.427265644073
comp4,28,dsr_comp1_per_age,2470.950993537903
comp4,28,dsr_comp2_per_age,2424.3348660469055
comp4,28,dsr_comp3_per_age,2296.5067524909973
comp4,28,dsr_comp4_per_age,10285.14370059967
comp4,35,volt_mean,0.0
comp4,35,volt_std,0.0
comp4,35,rotate_mean,0.0
comp4,35,rotate_std,0.0
comp4,35,pressure_mean,0.0
comp4,35,pressure_std,0.0
comp4,35,vibration_mean,0.0
comp4,35,vibration_std,0.0
comp4,35,n_obs,0.0
comp4,35,was_missing,0.0
comp4,35,volt_m3,0.0
comp4,35,volt_s3,0.0
comp4,35,volt_m7,0.0
comp4,35,volt_s7,0.0
comp4,35,volt_m14,47.00510025024414
comp4,35,volt_s14,49.393798828125
comp4,35,volt_m30,637.1531944274902
comp4,35,volt_s30,986.3179969787598
comp4,35,volt_trend,0.0
comp4,35,volt_z,48.57820129394531
comp4,35,volt_rng7,0.0
comp4,35,rotate_m3,0.0
comp4,35,rotate_s3,0.0
comp4,35,rotate_m7,0.0
comp4,35,rotate_s7,0.0
comp4,35,rotate_m14,269.68860244750977
comp4,35,rotate_s14,171.13079833984375
comp4,35,rotate_m30,572.2697982788086
comp4,35,rotate_s30,697.141206741333
comp4,35,rotate_trend,0.0
comp4,35,rotate_z,0.0
comp4,35,rotate_rng7,0.0
comp4,35,pressure_m3,27.434799194335938
comp4,35,pressure_s3,0.0
comp4,35,pressure_m7,0.0
comp4,35,pressure_s7,30.93470001220703
comp4,35,pressure_m14,276.1286029815674
comp4,35,pressure_s14,455.7327060699463
comp4,35,pressure_m30,620.4421043395996
comp4,35,pressure_s30,529.5686016082764
comp4,35,pressure_trend,273.56789779663086
comp4,35,pressure_z,138.61649703979492
comp4,35,pressure_rng7,0.0
comp4,35,vibration_m3,0.0
comp4,35,vibration_s3,0.0
comp4,35,vibration_m7,0.0
comp4,35,vibration_s7,84.43420028686523
comp4,35,vibration_m14,163.760498046875
comp4,35,vibration_s14,76.55089950561523
comp4,35,vibration_m30,154.64369773864746
comp4,35,vibration_s30,645.449296951294
comp4,35,vibration_trend,148.38490295410156
comp4,35,vibration_z,32.05149841308594
comp4,35,vibration_rng7,0.0
comp4,35,err_any,0.0
comp4,35,error1_7d,0.0
comp4,35,error2_7d,85.79409790039062
comp4,35,error3_7d,0.0
comp4,35,error4_7d,34.68880081176758
comp4,35,error5_7d,37.32699966430664
comp4,35,err_any_7d,0.0
comp4,35,error1_30d,732.1161956787109
comp4,35,error2_30d,64.43379974365234
comp4,35,error3_30d,90.88119888305664
comp4,35,error4_30d,127.0636978149414
comp4,35,error5_30d,439.3402976989746
comp4,35,err_any_30d,74.69729995727539
comp4,35,dsr_comp1,690.5274085998535
comp4,35,dsf_comp1,1955.3785953521729
comp4,35,dsr_comp2,449.21920013427734
comp4,35,dsf_comp2,3125.8777027130127
comp4,35,dsr_comp3,1772.046802520752
comp4,35,dsf_comp3,624.3344020843506
comp4,35,dsr_comp4,12767.915477752686
comp4,35,dsf_comp4,14007.405494689941
comp4,35,dsr_comp1_per_age,1353.0725078582764
comp4,35,dsr_comp2_per_age,1386.54860496521
comp4,35,dsr_comp3_per_age,1064.6731986999512
comp4,35,dsr_comp4_per_age,8746.354877471924
comp4,42,volt_mean,0.0
comp4,42,volt_std,0.0
comp4,42,rotate_mean,0.0
comp4,42,rotate_std,0.0
comp4,42,pressure_mean,0.0
comp4,42,pressure_std,0.0
comp4,42,vibration_mean,0.0
comp4,42,vibration_std,0.0
comp4,42,n_obs,0.0
comp4,42,was_missing,0.0
comp4,42,volt_m3,0.0
comp4,42,volt_s3,0.0
comp4,42,volt_m7,0.0
comp4,42,volt_s7,0.0
comp4,42,volt_m14,0.0
comp4,42,volt_s14,0.0
comp4,42,volt_m30,380.92469787597656
comp4,42,volt_s30,112.63080215454102
comp4,42,volt_trend,0.0
comp4,42,volt_z,0.0
comp4,42,volt_rng7,0.0
comp4,42,rotate_m3,0.0
comp4,42,rotate_s3,0.0
comp4,42,rotate_m7,0.0
comp4,42,rotate_s7,0.0
comp4,42,rotate_m14,0.0
comp4,42,rotate_s14,73.341796875
comp4,42,rotate_m30,284.65930938720703
comp4,42,rotate_s30,125.09249877929688
comp4,42,rotate_trend,0.0
comp4,42,rotate_z,0.0
comp4,42,rotate_rng7,0.0
comp4,42,pressure_m3,0.0
comp4,42,pressure_s3,0.0
comp4,42,pressure_m7,0.0
comp4,42,pressure_s7,0.0
comp4,42,pressure_m14,86.92340087890625
comp4,42,pressure_s14,0.0
comp4,42,pressure_m30,107.17409896850586
comp4,42,pressure_s30,106.01699829101562
comp4,42,pressure_trend,39.83810043334961
comp4,42,pressure_z,0.0
comp4,42,pressure_rng7,0.0
comp4,42,vibration_m3,0.0
comp4,42,vibration_s3,0.0
comp4,42,vibration_m7,0.0
comp4,42,vibration_s7,0.0
comp4,42,vibration_m14,0.0
comp4,42,vibration_s14,0.0
comp4,42,vibration_m30,0.0
comp4,42,vibration_s30,135.67180252075195
comp4,42,vibration_trend,0.0
comp4,42,vibration_z,0.0
comp4,42,vibration_rng7,0.0
comp4,42,err_any,0.0
comp4,42,error1_7d,0.0
comp4,42,error2_7d,0.0
comp4,42,error3_7d,0.0
comp4,42,error4_7d,0.0
comp4,42,error5_7d,0.0
comp4,42,err_any_7d,0.0
comp4,42,error1_30d,0.0
comp4,42,error2_30d,0.0
comp4,42,error3_30d,0.0
comp4,42,error4_30d,0.0
comp4,42,error5_30d,0.0
comp4,42,err_any_30d,0.0
comp4,42,dsr_comp1,75.11329650878906
comp4,42,dsf_comp1,329.3786926269531
comp4,42,dsr_comp2,55.496700286865234
comp4,42,dsf_comp2,595.9739990234375
comp4,42,dsr_comp3,385.9658012390137
comp4,42,dsf_comp3,67.1322021484375
comp4,42,dsr_comp4,2829.4780921936035
comp4,42,dsf_comp4,3874.381980895996
comp4,42,dsr_comp1_per_age,0.0
comp4,42,dsr_comp2_per_age,404.8459014892578
comp4,42,dsr_comp3_per_age,0.0
comp4,42,dsr_comp4_per_age,2387.4304122924805
