order_id,component,part_name,supplier_id,supplier_name,contact_department,ordered_at,expected_receipt_at,actual_receipt_at,ready_at,use_by_at,quantity,quantity_received,available_stock_at_order,open_order_qty_before,stock_position_at_order,target_stock,replenishment_gap_at_order,planned_lead_days,actual_lead_days,receipt_delay_days,quality_hold_days,delivery_status,delay_bucket,quality_check_required,purchase_unit_cost,order_admin_cost,planned_order_cost,order_reason,history_source
PO-00002,comp2,comp2 (가상 운영조건),SUP-002,가상협력사 B,영업지원팀,2015-02-28 06:00:00,2015-04-04 06:00:00,2015-04-04 06:00:00,2015-04-11 06:00:00,2015-05-04 06:00:00,13,13.0,,,,25,,35,35.0,0.0,7.0,on_time,on_time,False,2500000.0,20000.0,32520000,운영 시작 시점의 진행 주문 가정,derived:synthetic_operations_v1
PO-00003,comp2,comp2 (가상 운영조건),SUP-002,가상협력사 B,영업지원팀,2015-03-07 06:00:00,2015-04-11 06:00:00,2015-04-13 06:00:00,2015-04-20 06:00:00,2015-05-13 06:00:00,13,13.0,,,,25,,35,37.0,2.0,7.0,delayed,delay_1_5d,False,2500000.0,20000.0,32520000,운영 시작 시점의 진행 주문 가정,derived:synthetic_operations_v1
PO-00004,comp2,comp2 (가상 운영조건),SUP-002,가상협력사 B,영업지원팀,2015-03-14 06:00:00,2015-04-18 06:00:00,2015-04-18 06:00:00,2015-04-25 06:00:00,2015-05-18 06:00:00,13,13.0,,,,25,,35,35.0,0.0,7.0,on_time,on_time,False,2500000.0,20000.0,32520000,운영 시작 시점의 진행 주문 가정,derived:synthetic_operations_v1
PO-00009,comp4,comp4 (가상 운영조건),SUP-002,가상협력사 B,영업지원팀,2015-03-14 06:00:00,2015-04-04 06:00:00,2015-04-04 06:00:00,2015-04-07 06:00:00,2015-08-02 06:00:00,13,13.0,,,,22,,21,21.0,0.0,3.0,on_time,on_time,False,1200000.0,20000.0,15620000,운영 시작 시점의 진행 주문 가정,derived:synthetic_operations_v1
PO-00005,comp2,comp2 (가상 운영조건),SUP-002,가상협력사 B,영업지원팀,2015-03-21 06:00:00,2015-04-25 06:00:00,2015-04-25 06:00:00,2015-05-02 06:00:00,2015-05-25 06:00:00,13,13.0,,,,25,,35,35.0,0.0,7.0,on_time,on_time,False,2500000.0,20000.0,32520000,운영 시작 시점의 진행 주문 가정,derived:synthetic_operations_v1
PO-00007,comp3,comp3 (가상 운영조건),SUP-001,가상협력사 A,영업지원팀,2015-03-21 06:00:00,2015-04-04 06:00:00,2015-04-04 06:00:00,2015-04-06 06:00:00,2015-07-03 06:00:00,12,12.0,,,,19,,14,14.0,0.0,2.0,on_time,on_time,False,650000.0,20000.0,7820000,운영 시작 시점의 진행 주문 가정,derived:synthetic_operations_v1
PO-00010,comp4,comp4 (가상 운영조건),SUP-002,가상협력사 B,영업지원팀,2015-03-21 06:00:00,2015-04-11 06:00:00,2015-04-11 06:00:00,2015-04-14 06:00:00,2015-08-09 06:00:00,13,13.0,,,,22,,21,21.0,0.0,3.0,on_time,on_time,False,1200000.0,20000.0,15620000,운영 시작 시점의 진행 주문 가정,derived:synthetic_operations_v1
PO-00001,comp1,comp1 (가상 운영조건),SUP-001,가상협력사 A,영업지원팀,2015-03-28 06:00:00,2015-04-04 06:00:00,2015-04-05 06:00:00,2015-04-06 06:00:00,2015-10-02 06:00:00,13,13.0,,,,19,,7,8.0,1.0,1.0,delayed,delay_1_5d,False,180000.0,20000.0,2360000,운영 시작 시점의 진행 주문 가정,derived:synthetic_operations_v1
PO-00006,comp2,comp2 (가상 운영조건),SUP-002,가상협력사 B,영업지원팀,2015-03-28 06:00:00,2015-05-02 06:00:00,2015-05-02 06:00:00,2015-05-09 06:00:00,2015-06-01 06:00:00,13,13.0,,,,25,,35,35.0,0.0,7.0,on_time,on_time,False,2500000.0,20000.0,32520000,운영 시작 시점의 진행 주문 가정,derived:synthetic_operations_v1
PO-00008,comp3,comp3 (가상 운영조건),SUP-001,가상협력사 A,영업지원팀,2015-03-28 06:00:00,2015-04-11 06:00:00,2015-04-19 06:00:00,2015-04-21 06:00:00,2015-07-18 06:00:00,12,12.0,,,,19,,14,22.0,8.0,2.0,delayed,delay_6d_plus,False,650000.0,20000.0,7820000,운영 시작 시점의 진행 주문 가정,derived:synthetic_operations_v1
PO-00011,comp4,comp4 (가상 운영조건),SUP-002,가상협력사 B,영업지원팀,2015-03-28 06:00:00,2015-04-18 06:00:00,2015-04-19 06:00:00,2015-04-22 06:00:00,2015-08-17 06:00:00,13,13.0,,,,22,,21,22.0,1.0,3.0,delayed,delay_1_5d,False,1200000.0,20000.0,15620000,운영 시작 시점의 진행 주문 가정,derived:synthetic_operations_v1
PO-00012,comp1,comp1 (가상 운영조건),SUP-001,가상협력사 A,영업지원팀,2015-04-01 06:00:00,2015-04-08 06:00:00,2015-04-08 06:00:00,2015-04-09 06:00:00,2015-10-05 06:00:00,3,3.0,18,13,31,19,0,7,7.0,0.0,1.0,on_time,on_time,False,180000.0,20000.0,560000,정기 재고점검에서 목표 재고 포지션 부족,derived:synthetic_operations_v1
PO-00013,comp2,comp2 (가상 운영조건),SUP-002,가상협력사 B,영업지원팀,2015-04-01 06:00:00,2015-05-06 06:00:00,2015-05-06 06:00:00,2015-05-13 06:00:00,2015-06-05 06:00:00,20,20.0,18,65,83,25,0,35,35.0,0.0,7.0,on_time,on_time,False,2500000.0,20000.0,50020000,정기 재고점검에서 목표 재고 포지션 부족,derived:synthetic_operations_v1
PO-00014,comp3,comp3 (가상 운영조건),SUP-001,가상협력사 A,영업지원팀,2015-04-01 06:00:00,2015-04-15 06:00:00,2015-04-15 06:00:00,2015-04-17 06:00:00,2015-07-14 06:00:00,6,6.0,17,24,41,19,0,14,14.0,0.0,2.0,on_time,on_time,False,650000.0,20000.0,3920000,정기 재고점검에서 목표 재고 포지션 부족,derived:synthetic_operations_v1
PO-00015,comp4,comp4 (가상 운영조건),SUP-002,가상협력사 B,영업지원팀,2015-04-01 06:00:00,2015-04-22 06:00:00,2015-04-25 06:00:00,2015-04-28 06:00:00,2015-08-23 06:00:00,13,13.0,16,39,55,22,0,21,24.0,3.0,3.0,delayed,delay_1_5d,False,1200000.0,20000.0,15620000,정기 재고점검에서 목표 재고 포지션 부족,derived:synthetic_operations_v1
PO-00016,comp1,comp1 (가상 운영조건),SUP-001,가상협력사 A,영업지원팀,2015-04-08 06:00:00,2015-04-15 06:00:00,2015-04-15 06:00:00,2015-04-16 06:00:00,2015-10-12 06:00:00,21,21.0,11,0,11,19,8,7,7.0,0.0,1.0,on_time,on_time,False,180000.0,20000.0,3800000,정기 재고점검에서 목표 재고 포지션 부족,derived:synthetic_operations_v1
PO-00017,comp2,comp2 (가상 운영조건),SUP-002,가상협력사 B,영업지원팀,2015-04-08 06:00:00,2015-05-13 06:00:00,2015-05-26 06:00:00,2015-06-02 06:00:00,2015-06-25 06:00:00,15,15.0,4,72,76,25,0,35,48.0,13.0,7.0,delayed,delay_6d_plus,False,2500000.0,20000.0,37520000,정기 재고점검에서 목표 재고 포지션 부족,derived:synthetic_operations_v1
PO-00018,comp3,comp3 (가상 운영조건),SUP-001,가상협력사 A,영업지원팀,2015-04-08 06:00:00,2015-04-22 06:00:00,2015-04-22 06:00:00,2015-04-24 06:00:00,2015-07-21 06:00:00,20,20.0,12,18,30,19,0,14,14.0,0.0,2.0,on_time,on_time,False,650000.0,20000.0,13020000,정기 재고점검에서 목표 재고 포지션 부족,derived:synthetic_operations_v1
PO-00019,comp4,comp4 (가상 운영조건),SUP-002,가상협력사 B,영업지원팀,2015-04-08 06:00:00,2015-04-29 06:00:00,2015-04-29 06:00:00,2015-05-02 06:00:00,2015-08-27 06:00:00,20,20.0,12,39,51,22,0,21,21.0,0.0,3.0,on_time,on_time,False,1200000.0,20000.0,24020000,정기 재고점검에서 목표 재고 포지션 부족,derived:synthetic_operations_v1
PO-00020,comp1,comp1 (가상 운영조건),SUP-001,가상협력사 A,영업지원팀,2015-04-15 06:00:00,2015-04-22 06:00:00,2015-04-22 06:00:00,2015-04-23 06:00:00,2015-10-19 06:00:00,15,15.0,1,0,1,19,18,7,7.0,0.0,1.0,on_time,on_time,False,180000.0,20000.0,2720000,정기 재고점검에서 목표 재고 포지션 부족,derived:synthetic_operations_v1
PO-00021,comp2,comp2 (가상 운영조건),SUP-002,가상협력사 B,영업지원팀,2015-04-15 06:00:00,2015-05-20 06:00:00,2015-05-21 06:00:00,2015-05-28 06:00:00,2015-06-20 06:00:00,11,11.0,8,74,82,25,0,35,36.0,1.0,7.0,delayed,delay_1_5d,False,2500000.0,20000.0,27520000,정기 재고점검에서 목표 재고 포지션 부족,derived:synthetic_operations_v1
PO-00022,comp3,comp3 (가상 운영조건),SUP-001,가상협력사 A,영업지원팀,2015-04-15 06:00:00,2015-04-29 06:00:00,2015-04-29 06:00:00,2015-05-01 06:00:00,2015-07-28 06:00:00,12,12.0,1,32,33,19,0,14,14.0,0.0,2.0,on_time,on_time,False,650000.0,20000.0,7820000,정기 재고점검에서 목표 재고 포지션 부족,derived:synthetic_operations_v1
PO-00023,comp4,comp4 (가상 운영조건),SUP-002,가상협력사 B,영업지원팀,2015-04-15 06:00:00,2015-05-06 06:00:00,2015-05-06 06:00:00,2015-05-09 06:00:00,2015-09-03 06:00:00,11,11.0,16,46,62,22,0,21,21.0,0.0,3.0,on_time,on_time,False,1200000.0,20000.0,13220000,정기 재고점검에서 목표 재고 포지션 부족,derived:synthetic_operations_v1
PO-00024,comp1,comp1 (가상 운영조건),SUP-001,가상협력사 A,영업지원팀,2015-04-22 06:00:00,2015-04-29 06:00:00,2015-04-29 06:00:00,2015-04-30 06:00:00,2015-10-26 06:00:00,9,9.0,12,0,12,19,7,7,7.0,0.0,1.0,on_time,on_time,False,180000.0,20000.0,1640000,정기 재고점검에서 목표 재고 포지션 부족,derived:synthetic_operations_v1
PO-00025,comp2,comp2 (가상 운영조건),SUP-002,가상협력사 B,영업지원팀,2015-04-22 06:00:00,2015-05-27 06:00:00,2015-05-31 06:00:00,2015-06-07 06:00:00,2015-06-30 06:00:00,20,20.0,3,72,75,25,0,35,39.0,4.0,7.0,delayed,delay_1_5d,False,2500000.0,20000.0,50020000,정기 재고점검에서 목표 재고 포지션 부족,derived:synthetic_operations_v1
PO-00026,comp3,comp3 (가상 운영조건),SUP-001,가상협력사 A,영업지원팀,2015-04-22 06:00:00,2015-05-06 06:00:00,2015-05-06 06:00:00,2015-05-08 06:00:00,2015-08-04 06:00:00,32,32.0,0,12,12,19,7,14,14.0,0.0,2.0,on_time,on_time,False,650000.0,20000.0,20820000,정기 재고점검에서 목표 재고 포지션 부족,derived:synthetic_operations_v1
PO-00027,comp4,comp4 (가상 운영조건),SUP-002,가상협력사 B,영업지원팀,2015-04-22 06:00:00,2015-05-13 06:00:00,2015-05-13 06:00:00,2015-05-16 06:00:00,2015-09-10 06:00:00,15,15.0,13,44,57,22,0,21,21.0,0.0,3.0,on_time,on_time,False,1200000.0,20000.0,18020000,정기 재고점검에서 목표 재고 포지션 부족,derived:synthetic_operations_v1
PO-00028,comp1,comp1 (가상 운영조건),SUP-001,가상협력사 A,영업지원팀,2015-04-29 06:00:00,2015-05-06 06:00:00,2015-05-06 06:00:00,2015-05-07 06:00:00,2015-11-02 06:00:00,4,4.0,22,0,22,19,0,7,7.0,0.0,1.0,on_time,on_time,False,180000.0,20000.0,740000,정기 재고점검에서 목표 재고 포지션 부족,derived:synthetic_operations_v1
PO-00029,comp2,comp2 (가상 운영조건),SUP-002,가상협력사 B,영업지원팀,2015-04-29 06:00:00,2015-06-03 06:00:00,2015-06-03 06:00:00,2015-06-10 06:00:00,2015-07-03 06:00:00,15,15.0,2,79,81,25,0,35,35.0,0.0,7.0,on_time,on_time,False,2500000.0,20000.0,37520000,정기 재고점검에서 목표 재고 포지션 부족,derived:synthetic_operations_v1
PO-00030,comp3,comp3 (가상 운영조건),SUP-001,가상협력사 A,영업지원팀,2015-04-29 06:00:00,2015-05-13 06:00:00,2015-05-15 06:00:00,2015-05-17 06:00:00,2015-08-13 06:00:00,3,3.0,6,32,38,19,0,14,16.0,2.0,2.0,delayed,delay_1_5d,False,650000.0,20000.0,1970000,정기 재고점검에서 목표 재고 포지션 부족,derived:synthetic_operations_v1
PO-00031,comp4,comp4 (가상 운영조건),SUP-002,가상협력사 B,영업지원팀,2015-04-29 06:00:00,2015-05-20 06:00:00,2015-05-20 06:00:00,2015-05-23 06:00:00,2015-09-17 06:00:00,7,7.0,18,26,44,22,0,21,21.0,0.0,3.0,on_time,on_time,False,1200000.0,20000.0,8420000,정기 재고점검에서 목표 재고 포지션 부족,derived:synthetic_operations_v1
PO-00032,comp1,comp1 (가상 운영조건),SUP-001,가상협력사 A,영업지원팀,2015-05-06 06:00:00,2015-05-13 06:00:00,2015-05-13 06:00:00,2015-05-14 06:00:00,2015-11-09 06:00:00,11,11.0,20,0,20,19,0,7,7.0,0.0,1.0,on_time,on_time,False,180000.0,20000.0,2000000,정기 재고점검에서 목표 재고 포지션 부족,derived:synthetic_operations_v1
PO-00033,comp2,comp2 (가상 운영조건),SUP-002,가상협력사 B,영업지원팀,2015-05-06 06:00:00,2015-06-10 06:00:00,2015-06-10 06:00:00,2015-06-17 06:00:00,2015-07-10 06:00:00,27,27.0,0,61,61,25,0,35,35.0,0.0,7.0,on_time,on_time,False,2500000.0,20000.0,67520000,정기 재고점검에서 목표 재고 포지션 부족,derived:synthetic_operations_v1
PO-00034,comp3,comp3 (가상 운영조건),SUP-001,가상협력사 A,영업지원팀,2015-05-06 06:00:00,2015-05-20 06:00:00,2015-05-27 06:00:00,2015-05-29 06:00:00,2015-08-25 06:00:00,15,15.0,2,3,5,19,14,14,21.0,7.0,2.0,delayed,delay_6d_plus,False,650000.0,20000.0,9770000,정기 재고점검에서 목표 재고 포지션 부족,derived:synthetic_operations_v1
PO-00035,comp4,comp4 (가상 운영조건),SUP-002,가상협력사 B,영업지원팀,2015-05-06 06:00:00,2015-05-27 06:00:00,2015-05-29 06:00:00,2015-06-01 06:00:00,2015-09-26 06:00:00,23,23.0,17,22,39,22,0,21,23.0,2.0,3.0,delayed,delay_1_5d,False,1200000.0,20000.0,27620000,정기 재고점검에서 목표 재고 포지션 부족,derived:synthetic_operations_v1
PO-00036,comp1,comp1 (가상 운영조건),SUP-001,가상협력사 A,영업지원팀,2015-05-13 06:00:00,2015-05-20 06:00:00,2015-05-25 06:00:00,2015-05-26 06:00:00,2015-11-21 06:00:00,25,25.0,10,0,10,19,9,7,12.0,5.0,1.0,delayed,delay_1_5d,False,180000.0,20000.0,4520000,정기 재고점검에서 목표 재고 포지션 부족,derived:synthetic_operations_v1
PO-00037,comp2,comp2 (가상 운영조건),SUP-002,가상협력사 B,영업지원팀,2015-05-13 06:00:00,2015-06-17 06:00:00,2015-06-19 06:00:00,2015-06-26 06:00:00,2015-07-19 06:00:00,20,20.0,8,88,96,25,0,35,37.0,2.0,7.0,delayed,delay_1_5d,False,2500000.0,20000.0,50020000,정기 재고점검에서 목표 재고 포지션 부족,derived:synthetic_operations_v1
PO-00038,comp3,comp3 (가상 운영조건),SUP-001,가상협력사 A,영업지원팀,2015-05-13 06:00:00,2015-05-27 06:00:00,2015-05-27 06:00:00,2015-05-29 06:00:00,2015-08-25 06:00:00,8,8.0,26,18,44,19,0,14,14.0,0.0,2.0,on_time,on_time,False,650000.0,20000.0,5220000,정기 재고점검에서 목표 재고 포지션 부족,derived:synthetic_operations_v1
PO-00039,comp4,comp4 (가상 운영조건),SUP-002,가상협력사 B,영업지원팀,2015-05-13 06:00:00,2015-06-03 06:00:00,2015-06-06 06:00:00,2015-06-09 06:00:00,2015-10-04 06:00:00,14,14.0,15,30,45,22,0,21,24.0,3.0,3.0,delayed,delay_1_5d,False,1200000.0,20000.0,16820000,정기 재고점검에서 목표 재고 포지션 부족,derived:synthetic_operations_v1
PO-00040,comp1,comp1 (가상 운영조건),SUP-001,가상협력사 A,영업지원팀,2015-05-20 06:00:00,2015-05-27 06:00:00,2015-05-27 06:00:00,2015-05-28 06:00:00,2015-11-23 06:00:00,7,7.0,3,25,28,19,0,7,7.0,0.0,1.0,on_time,on_time,False,180000.0,20000.0,1280000,정기 재고점검에서 목표 재고 포지션 부족,derived:synthetic_operations_v1
PO-00041,comp2,comp2 (가상 운영조건),SUP-002,가상협력사 B,영업지원팀,2015-05-20 06:00:00,2015-06-24 06:00:00,2015-06-24 06:00:00,2015-07-01 06:00:00,2015-07-24 06:00:00,21,21.0,0,108,108,25,0,35,35.0,0.0,7.0,on_time,on_time,False,2500000.0,20000.0,52520000,정기 재고점검에서 목표 재고 포지션 부족,derived:synthetic_operations_v1
PO-00042,comp3,comp3 (가상 운영조건),SUP-001,가상협력사 A,영업지원팀,2015-05-20 06:00:00,2015-06-03 06:00:00,2015-06-03 06:00:00,2015-06-05 06:00:00,2015-09-01 06:00:00,15,15.0,13,23,36,19,0,14,14.0,0.0,2.0,on_time,on_time,False,650000.0,20000.0,9770000,정기 재고점검에서 목표 재고 포지션 부족,derived:synthetic_operations_v1
PO-00043,comp4,comp4 (가상 운영조건),SUP-002,가상협력사 B,영업지원팀,2015-05-20 06:00:00,2015-06-10 06:00:00,2015-06-18 06:00:00,2015-06-21 06:00:00,2015-10-16 06:00:00,17,17.0,14,37,51,22,0,21,29.0,8.0,3.0,delayed,delay_6d_plus,False,1200000.0,20000.0,20420000,정기 재고점검에서 목표 재고 포지션 부족,derived:synthetic_operations_v1
PO-00044,comp1,comp1 (가상 운영조건),SUP-001,가상협력사 A,영업지원팀,2015-05-27 06:00:00,2015-06-03 06:00:00,2015-06-03 06:00:00,2015-06-04 06:00:00,2015-11-30 06:00:00,12,12.0,16,0,16,19,3,7,7.0,0.0,1.0,on_time,on_time,False,180000.0,20000.0,2180000,정기 재고점검에서 목표 재고 포지션 부족,derived:synthetic_operations_v1
PO-00045,comp2,comp2 (가상 운영조건),SUP-002,가상협력사 B,영업지원팀,2015-05-27 06:00:00,2015-07-01 06:00:00,2015-07-01 06:00:00,2015-07-08 06:00:00,2015-07-31 06:00:00,10,10.0,0,103,103,25,0,35,35.0,0.0,7.0,on_time,on_time,False,2500000.0,20000.0,25020000,정기 재고점검에서 목표 재고 포지션 부족,derived:synthetic_operations_v1
PO-00046,comp3,comp3 (가상 운영조건),SUP-001,가상협력사 A,영업지원팀,2015-05-27 06:00:00,2015-06-10 06:00:00,2015-06-10 06:00:00,2015-06-12 06:00:00,2015-09-08 06:00:00,10,10.0,3,15,18,19,1,14,14.0,0.0,2.0,on_time,on_time,False,650000.0,20000.0,6520000,정기 재고점검에서 목표 재고 포지션 부족,derived:synthetic_operations_v1
PO-00047,comp4,comp4 (가상 운영조건),SUP-002,가상협력사 B,영업지원팀,2015-05-27 06:00:00,2015-06-17 06:00:00,2015-06-24 06:00:00,2015-06-27 06:00:00,2015-10-22 06:00:00,11,11.0,9,54,63,22,0,21,28.0,7.0,3.0,delayed,delay_6d_plus,False,1200000.0,20000.0,13220000,정기 재고점검에서 목표 재고 포지션 부족,derived:synthetic_operations_v1
PO-00048,comp1,comp1 (가상 운영조건),SUP-001,가상협력사 A,영업지원팀,2015-06-03 06:00:00,2015-06-10 06:00:00,2015-06-13 06:00:00,2015-06-14 06:00:00,2015-12-10 06:00:00,16,16.0,8,0,8,19,11,7,10.0,3.0,1.0,delayed,delay_1_5d,False,180000.0,20000.0,2900000,정기 재고점검에서 목표 재고 포지션 부족,derived:synthetic_operations_v1
PO-00049,comp2,comp2 (가상 운영조건),SUP-002,가상협력사 B,영업지원팀,2015-06-03 06:00:00,2015-07-08 06:00:00,2015-07-08 06:00:00,2015-07-15 06:00:00,2015-08-07 06:00:00,24,24.0,0,78,78,25,0,35,35.0,0.0,7.0,on_time,on_time,False,2500000.0,20000.0,60020000,정기 재고점검에서 목표 재고 포지션 부족,derived:synthetic_operations_v1
PO-00050,comp3,comp3 (가상 운영조건),SUP-001,가상협력사 A,영업지원팀,2015-06-03 06:00:00,2015-06-17 06:00:00,2015-06-17 06:00:00,2015-06-19 06:00:00,2015-09-15 06:00:00,14,14.0,12,10,22,19,0,14,14.0,0.0,2.0,on_time,on_time,False,650000.0,20000.0,9120000,정기 재고점검에서 목표 재고 포지션 부족,derived:synthetic_operations_v1
PO-00051,comp4,comp4 (가상 운영조건),SUP-002,가상협력사 B,영업지원팀,2015-06-03 06:00:00,2015-06-24 06:00:00,2015-06-25 06:00:00,2015-06-28 06:00:00,2015-10-23 06:00:00,23,23.0,11,42,53,22,0,21,22.0,1.0,3.0,delayed,delay_1_5d,False,1200000.0,20000.0,27620000,정기 재고점검에서 목표 재고 포지션 부족,derived:synthetic_operations_v1
PO-00052,comp1,comp1 (가상 운영조건),SUP-001,가상협력사 A,영업지원팀,2015-06-10 06:00:00,2015-06-17 06:00:00,2015-06-22 06:00:00,2015-06-23 06:00:00,2015-12-19 06:00:00,16,16.0,4,16,20,19,0,7,12.0,5.0,1.0,delayed,delay_1_5d,False,180000.0,20000.0,2900000,정기 재고점검에서 목표 재고 포지션 부족,derived:synthetic_operations_v1
PO-00053,comp2,comp2 (가상 운영조건),SUP-002,가상협력사 B,영업지원팀,2015-06-10 06:00:00,2015-07-15 06:00:00,2015-07-15 06:00:00,2015-07-22 06:00:00,2015-08-14 06:00:00,14,14.0,6,75,81,25,0,35,35.0,0.0,7.0,on_time,on_time,False,2500000.0,20000.0,35020000,정기 재고점검에서 목표 재고 포지션 부족,derived:synthetic_operations_v1
PO-00054,comp3,comp3 (가상 운영조건),SUP-001,가상협력사 A,영업지원팀,2015-06-10 06:00:00,2015-06-24 06:00:00,2015-06-24 06:00:00,2015-06-26 06:00:00,2015-09-22 06:00:00,11,11.0,16,14,30,19,0,14,14.0,0.0,2.0,on_time,on_time,False,650000.0,20000.0,7170000,정기 재고점검에서 목표 재고 포지션 부족,derived:synthetic_operations_v1
PO-00055,comp4,comp4 (가상 운영조건),SUP-002,가상협력사 B,영업지원팀,2015-06-10 06:00:00,2015-07-01 06:00:00,2015-07-01 06:00:00,2015-07-04 06:00:00,2015-10-29 06:00:00,18,18.0,9,51,60,22,0,21,21.0,0.0,3.0,on_time,on_time,False,1200000.0,20000.0,21620000,정기 재고점검에서 목표 재고 포지션 부족,derived:synthetic_operations_v1
PO-00056,comp1,comp1 (가상 운영조건),SUP-001,가상협력사 A,영업지원팀,2015-06-17 06:00:00,2015-06-24 06:00:00,2015-06-24 06:00:00,2015-06-25 06:00:00,2015-12-21 06:00:00,15,15.0,6,16,22,19,0,7,7.0,0.0,1.0,on_time,on_time,False,180000.0,20000.0,2720000,정기 재고점검에서 목표 재고 포지션 부족,derived:synthetic_operations_v1
PO-00057,comp2,comp2 (가상 운영조건),SUP-002,가상협력사 B,영업지원팀,2015-06-17 06:00:00,2015-07-22 06:00:00,2015-07-22 06:00:00,2015-07-29 06:00:00,2015-08-21 06:00:00,18,18.0,19,89,108,25,0,35,35.0,0.0,7.0,on_time,on_time,False,2500000.0,20000.0,45020000,정기 재고점검에서 목표 재고 포지션 부족,derived:synthetic_operations_v1
PO-00058,comp3,comp3 (가상 운영조건),SUP-001,가상협력사 A,영업지원팀,2015-06-17 06:00:00,2015-07-01 06:00:00,2015-07-01 06:00:00,2015-07-03 06:00:00,2015-09-29 06:00:00,12,12.0,13,11,24,19,0,14,14.0,0.0,2.0,on_time,on_time,False,650000.0,20000.0,7820000,정기 재고점검에서 목표 재고 포지션 부족,derived:synthetic_operations_v1
PO-00059,comp4,comp4 (가상 운영조건),SUP-002,가상협력사 B,영업지원팀,2015-06-17 06:00:00,2015-07-08 06:00:00,2015-07-08 06:00:00,2015-07-11 06:00:00,2015-11-05 06:00:00,15,15.0,0,69,69,22,0,21,21.0,0.0,3.0,on_time,on_time,False,1200000.0,20000.0,18020000,정기 재고점검에서 목표 재고 포지션 부족,derived:synthetic_operations_v1
PO-00060,comp1,comp1 (가상 운영조건),SUP-001,가상협력사 A,영업지원팀,2015-06-24 06:00:00,2015-07-01 06:00:00,2015-07-01 06:00:00,2015-07-02 06:00:00,2015-12-28 06:00:00,10,10.0,10,0,10,19,9,7,7.0,0.0,1.0,on_time,on_time,False,180000.0,20000.0,1820000,정기 재고점검에서 목표 재고 포지션 부족,derived:synthetic_operations_v1
PO-00061,comp2,comp2 (가상 운영조건),SUP-002,가상협력사 B,영업지원팀,2015-06-24 06:00:00,2015-07-29 06:00:00,2015-07-29 06:00:00,2015-08-05 06:00:00,2015-08-28 06:00:00,21,21.0,0,66,66,25,0,35,35.0,0.0,7.0,on_time,on_time,False,2500000.0,20000.0,52520000,정기 재고점검에서 목표 재고 포지션 부족,derived:synthetic_operations_v1
PO-00062,comp3,comp3 (가상 운영조건),SUP-001,가상협력사 A,영업지원팀,2015-06-24 06:00:00,2015-07-08 06:00:00,2015-07-08 06:00:00,2015-07-10 06:00:00,2015-10-06 06:00:00,21,21.0,9,12,21,19,0,14,14.0,0.0,2.0,on_time,on_time,False,650000.0,20000.0,13670000,정기 재고점검에서 목표 재고 포지션 부족,derived:synthetic_operations_v1
PO-00063,comp4,comp4 (가상 운영조건),SUP-002,가상협력사 B,영업지원팀,2015-06-24 06:00:00,2015-07-15 06:00:00,2015-07-15 06:00:00,2015-07-18 06:00:00,2015-11-12 06:00:00,12,12.0,0,56,56,22,0,21,21.0,0.0,3.0,on_time,on_time,False,1200000.0,20000.0,14420000,정기 재고점검에서 목표 재고 포지션 부족,derived:synthetic_operations_v1
PO-00064,comp1,comp1 (가상 운영조건),SUP-001,가상협력사 A,영업지원팀,2015-07-01 06:00:00,2015-07-08 06:00:00,2015-07-16 06:00:00,2015-07-17 06:00:00,2016-01-12 06:00:00,18,18.0,8,0,8,19,11,7,15.0,8.0,1.0,delayed,delay_6d_plus,False,180000.0,20000.0,3260000,정기 재고점검에서 목표 재고 포지션 부족,derived:synthetic_operations_v1
PO-00065,comp2,comp2 (가상 운영조건),SUP-002,가상협력사 B,영업지원팀,2015-07-01 06:00:00,2015-08-05 06:00:00,2015-08-05 06:00:00,2015-08-12 06:00:00,2015-09-04 06:00:00,16,16.0,26,77,103,25,0,35,35.0,0.0,7.0,on_time,on_time,False,2500000.0,20000.0,40020000,정기 재고점검에서 목표 재고 포지션 부족,derived:synthetic_operations_v1
PO-00066,comp3,comp3 (가상 운영조건),SUP-001,가상협력사 A,영업지원팀,2015-07-01 06:00:00,2015-07-15 06:00:00,2015-07-15 06:00:00,2015-07-17 06:00:00,2015-10-13 06:00:00,22,22.0,1,21,22,19,0,14,14.0,0.0,2.0,on_time,on_time,False,650000.0,20000.0,14320000,정기 재고점검에서 목표 재고 포지션 부족,derived:synthetic_operations_v1
PO-00067,comp4,comp4 (가상 운영조건),SUP-002,가상협력사 B,영업지원팀,2015-07-01 06:00:00,2015-07-22 06:00:00,2015-07-27 06:00:00,2015-07-30 06:00:00,2015-11-24 06:00:00,8,8.0,22,27,49,22,0,21,26.0,5.0,3.0,delayed,delay_1_5d,False,1200000.0,20000.0,9620000,정기 재고점검에서 목표 재고 포지션 부족,derived:synthetic_operations_v1
PO-00068,comp1,comp1 (가상 운영조건),SUP-001,가상협력사 A,영업지원팀,2015-07-08 06:00:00,2015-07-15 06:00:00,2015-07-15 06:00:00,2015-07-16 06:00:00,2016-01-11 06:00:00,15,15.0,2,18,20,19,0,7,7.0,0.0,1.0,on_time,on_time,False,180000.0,20000.0,2720000,정기 재고점검에서 목표 재고 포지션 부족,derived:synthetic_operations_v1
PO-00069,comp2,comp2 (가상 운영조건),SUP-002,가상협력사 B,영업지원팀,2015-07-08 06:00:00,2015-08-12 06:00:00,2015-08-20 06:00:00,2015-08-27 06:00:00,2015-09-19 06:00:00,33,33.0,10,69,79,25,0,35,43.0,8.0,7.0,delayed,delay_6d_plus,False,2500000.0,20000.0,82520000,정기 재고점검에서 목표 재고 포지션 부족,derived:synthetic_operations_v1
PO-00070,comp3,comp3 (가상 운영조건),SUP-001,가상협력사 A,영업지원팀,2015-07-08 06:00:00,2015-07-22 06:00:00,2015-08-05 06:00:00,2015-08-07 06:00:00,2015-11-03 06:00:00,15,15.0,0,22,22,19,0,14,28.0,14.0,2.0,delayed,delay_6d_plus,False,650000.0,20000.0,9770000,정기 재고점검에서 목표 재고 포지션 부족,derived:synthetic_operations_v1
PO-00071,comp4,comp4 (가상 운영조건),SUP-002,가상협력사 B,영업지원팀,2015-07-08 06:00:00,2015-07-29 06:00:00,2015-07-29 06:00:00,2015-08-01 06:00:00,2015-11-26 06:00:00,10,10.0,28,20,48,22,0,21,21.0,0.0,3.0,on_time,on_time,False,1200000.0,20000.0,12020000,정기 재고점검에서 목표 재고 포지션 부족,derived:synthetic_operations_v1
PO-00072,comp1,comp1 (가상 운영조건),SUP-001,가상협력사 A,영업지원팀,2015-07-15 06:00:00,2015-07-22 06:00:00,2015-07-22 06:00:00,2015-07-23 06:00:00,2016-01-18 06:00:00,9,9.0,0,18,18,19,1,7,7.0,0.0,1.0,on_time,on_time,False,180000.0,20000.0,1640000,정기 재고점검에서 목표 재고 포지션 부족,derived:synthetic_operations_v1
PO-00073,comp2,comp2 (가상 운영조건),SUP-002,가상협력사 B,영업지원팀,2015-07-15 06:00:00,2015-08-19 06:00:00,2015-08-19 06:00:00,2015-08-26 06:00:00,2015-09-18 06:00:00,12,12.0,23,88,111,25,0,35,35.0,0.0,7.0,on_time,on_time,False,2500000.0,20000.0,30020000,정기 재고점검에서 목표 재고 포지션 부족,derived:synthetic_operations_v1
PO-00074,comp3,comp3 (가상 운영조건),SUP-001,가상협력사 A,영업지원팀,2015-07-15 06:00:00,2015-07-29 06:00:00,2015-08-03 06:00:00,2015-08-05 06:00:00,2015-11-01 06:00:00,17,17.0,3,15,18,19,1,14,19.0,5.0,2.0,delayed,delay_1_5d,False,650000.0,20000.0,11070000,정기 재고점검에서 목표 재고 포지션 부족,derived:synthetic_operations_v1
PO-00075,comp4,comp4 (가상 운영조건),SUP-002,가상협력사 B,영업지원팀,2015-07-15 06:00:00,2015-08-05 06:00:00,2015-08-13 06:00:00,2015-08-16 06:00:00,2015-12-11 06:00:00,8,8.0,35,18,53,22,0,21,29.0,8.0,3.0,delayed,delay_6d_plus,False,1200000.0,20000.0,9620000,정기 재고점검에서 목표 재고 포지션 부족,derived:synthetic_operations_v1
PO-00076,comp1,comp1 (가상 운영조건),SUP-001,가상협력사 A,영업지원팀,2015-07-22 06:00:00,2015-07-29 06:00:00,2015-08-01 06:00:00,2015-08-02 06:00:00,2016-01-28 06:00:00,19,19.0,8,0,8,19,11,7,10.0,3.0,1.0,delayed,delay_1_5d,False,180000.0,20000.0,3440000,정기 재고점검에서 목표 재고 포지션 부족,derived:synthetic_operations_v1
PO-00077,comp2,comp2 (가상 운영조건),SUP-002,가상협력사 B,영업지원팀,2015-07-22 06:00:00,2015-08-26 06:00:00,2015-08-30 06:00:00,2015-09-06 06:00:00,2015-09-29 06:00:00,17,17.0,20,82,102,25,0,35,39.0,4.0,7.0,delayed,delay_1_5d,False,2500000.0,20000.0,42520000,정기 재고점검에서 목표 재고 포지션 부족,derived:synthetic_operations_v1
PO-00078,comp3,comp3 (가상 운영조건),SUP-001,가상협력사 A,영업지원팀,2015-07-22 06:00:00,2015-08-05 06:00:00,2015-08-05 06:00:00,2015-08-07 06:00:00,2015-11-03 06:00:00,15,15.0,7,32,39,19,0,14,14.0,0.0,2.0,on_time,on_time,False,650000.0,20000.0,9770000,정기 재고점검에서 목표 재고 포지션 부족,derived:synthetic_operations_v1
PO-00079,comp4,comp4 (가상 운영조건),SUP-002,가상협력사 B,영업지원팀,2015-07-22 06:00:00,2015-08-12 06:00:00,2015-08-12 06:00:00,2015-08-15 06:00:00,2015-12-10 06:00:00,19,19.0,29,26,55,22,0,21,21.0,0.0,3.0,on_time,on_time,False,1200000.0,20000.0,22820000,정기 재고점검에서 목표 재고 포지션 부족,derived:synthetic_operations_v1
PO-00080,comp1,comp1 (가상 운영조건),SUP-001,가상협력사 A,영업지원팀,2015-07-29 06:00:00,2015-08-05 06:00:00,2015-08-06 06:00:00,2015-08-07 06:00:00,2016-02-02 06:00:00,5,5.0,12,19,31,19,0,7,8.0,1.0,1.0,delayed,delay_1_5d,False,180000.0,20000.0,920000,정기 재고점검에서 목표 재고 포지션 부족,derived:synthetic_operations_v1
PO-00081,comp2,comp2 (가상 운영조건),SUP-002,가상협력사 B,영업지원팀,2015-07-29 06:00:00,2015-09-02 06:00:00,2015-09-03 06:00:00,2015-09-10 06:00:00,2015-10-03 06:00:00,11,11.0,26,78,104,25,0,35,36.0,1.0,7.0,delayed,delay_1_5d,False,2500000.0,20000.0,27520000,정기 재고점검에서 목표 재고 포지션 부족,derived:synthetic_operations_v1
PO-00082,comp3,comp3 (가상 운영조건),SUP-001,가상협력사 A,영업지원팀,2015-07-29 06:00:00,2015-08-12 06:00:00,2015-08-12 06:00:00,2015-08-14 06:00:00,2015-11-10 06:00:00,16,16.0,0,47,47,19,0,14,14.0,0.0,2.0,on_time,on_time,False,650000.0,20000.0,10420000,정기 재고점검에서 목표 재고 포지션 부족,derived:synthetic_operations_v1
PO-00083,comp4,comp4 (가상 운영조건),SUP-002,가상협력사 B,영업지원팀,2015-07-29 06:00:00,2015-08-19 06:00:00,2015-08-19 06:00:00,2015-08-22 06:00:00,2015-12-17 06:00:00,12,12.0,18,27,45,22,0,21,21.0,0.0,3.0,on_time,on_time,False,1200000.0,20000.0,14420000,정기 재고점검에서 목표 재고 포지션 부족,derived:synthetic_operations_v1
PO-00084,comp1,comp1 (가상 운영조건),SUP-001,가상협력사 A,영업지원팀,2015-08-05 06:00:00,2015-08-12 06:00:00,2015-08-12 06:00:00,2015-08-13 06:00:00,2016-02-08 06:00:00,24,24.0,9,5,14,19,5,7,7.0,0.0,1.0,on_time,on_time,False,180000.0,20000.0,4340000,정기 재고점검에서 목표 재고 포지션 부족,derived:synthetic_operations_v1
PO-00085,comp2,comp2 (가상 운영조건),SUP-002,가상협력사 B,영업지원팀,2015-08-05 06:00:00,2015-09-09 06:00:00,2015-09-09 06:00:00,2015-09-16 06:00:00,2015-10-09 06:00:00,19,19.0,26,73,99,25,0,35,35.0,0.0,7.0,on_time,on_time,False,2500000.0,20000.0,47520000,정기 재고점검에서 목표 재고 포지션 부족,derived:synthetic_operations_v1
PO-00086,comp3,comp3 (가상 운영조건),SUP-001,가상협력사 A,영업지원팀,2015-08-05 06:00:00,2015-08-19 06:00:00,2015-08-19 06:00:00,2015-08-21 06:00:00,2015-11-17 06:00:00,13,13.0,0,16,16,19,3,14,14.0,0.0,2.0,on_time,on_time,False,650000.0,20000.0,8470000,정기 재고점검에서 목표 재고 포지션 부족,derived:synthetic_operations_v1
PO-00087,comp4,comp4 (가상 운영조건),SUP-002,가상협력사 B,영업지원팀,2015-08-05 06:00:00,2015-08-26 06:00:00,2015-08-26 06:00:00,2015-08-29 06:00:00,2015-12-24 06:00:00,18,18.0,17,39,56,22,0,21,21.0,0.0,3.0,on_time,on_time,False,1200000.0,20000.0,21620000,정기 재고점검에서 목표 재고 포지션 부족,derived:synthetic_operations_v1
PO-00088,comp1,comp1 (가상 운영조건),SUP-001,가상협력사 A,영업지원팀,2015-08-12 06:00:00,2015-08-19 06:00:00,2015-08-19 06:00:00,2015-08-20 06:00:00,2016-02-15 06:00:00,13,13.0,1,0,1,19,18,7,7.0,0.0,1.0,on_time,on_time,False,180000.0,20000.0,2360000,정기 재고점검에서 목표 재고 포지션 부족,derived:synthetic_operations_v1
PO-00089,comp2,comp2 (가상 운영조건),SUP-002,가상협력사 B,영업지원팀,2015-08-12 06:00:00,2015-09-16 06:00:00,2015-09-16 06:00:00,2015-09-23 06:00:00,2015-10-16 06:00:00,4,4.0,33,92,125,25,0,35,35.0,0.0,7.0,on_time,on_time,False,2500000.0,20000.0,10020000,정기 재고점검에서 목표 재고 포지션 부족,derived:synthetic_operations_v1
PO-00090,comp3,comp3 (가상 운영조건),SUP-001,가상협력사 A,영업지원팀,2015-08-12 06:00:00,2015-08-26 06:00:00,2015-08-26 06:00:00,2015-08-28 06:00:00,2015-11-24 06:00:00,5,5.0,21,13,34,19,0,14,14.0,0.0,2.0,on_time,on_time,False,650000.0,20000.0,3270000,정기 재고점검에서 목표 재고 포지션 부족,derived:synthetic_operations_v1
PO-00091,comp4,comp4 (가상 운영조건),SUP-002,가상협력사 B,영업지원팀,2015-08-12 06:00:00,2015-09-02 06:00:00,2015-09-05 06:00:00,2015-09-08 06:00:00,2016-01-03 06:00:00,5,5.0,10,38,48,22,0,21,24.0,3.0,3.0,delayed,delay_1_5d,False,1200000.0,20000.0,6020000,정기 재고점검에서 목표 재고 포지션 부족,derived:synthetic_operations_v1
PO-00092,comp1,comp1 (가상 운영조건),SUP-001,가상협력사 A,영업지원팀,2015-08-19 06:00:00,2015-08-26 06:00:00,2015-08-26 06:00:00,2015-08-27 06:00:00,2016-02-22 06:00:00,17,17.0,8,0,8,19,11,7,7.0,0.0,1.0,on_time,on_time,False,180000.0,20000.0,3080000,정기 재고점검에서 목표 재고 포지션 부족,derived:synthetic_operations_v1
PO-00093,comp2,comp2 (가상 운영조건),SUP-002,가상협력사 B,영업지원팀,2015-08-19 06:00:00,2015-09-23 06:00:00,2015-09-23 06:00:00,2015-09-30 06:00:00,2015-10-23 06:00:00,27,27.0,10,84,94,25,0,35,35.0,0.0,7.0,on_time,on_time,False,2500000.0,20000.0,67520000,정기 재고점검에서 목표 재고 포지션 부족,derived:synthetic_operations_v1
PO-00094,comp3,comp3 (가상 운영조건),SUP-001,가상협력사 A,영업지원팀,2015-08-19 06:00:00,2015-09-02 06:00:00,2015-09-02 06:00:00,2015-09-04 06:00:00,2015-12-01 06:00:00,24,24.0,15,5,20,19,0,14,14.0,0.0,2.0,on_time,on_time,False,650000.0,20000.0,15620000,정기 재고점검에서 목표 재고 포지션 부족,derived:synthetic_operations_v1
PO-00095,comp4,comp4 (가상 운영조건),SUP-002,가상협력사 B,영업지원팀,2015-08-19 06:00:00,2015-09-09 06:00:00,2015-09-09 06:00:00,2015-09-12 06:00:00,2016-01-07 06:00:00,16,16.0,21,23,44,22,0,21,21.0,0.0,3.0,on_time,on_time,False,1200000.0,20000.0,19220000,정기 재고점검에서 목표 재고 포지션 부족,derived:synthetic_operations_v1
PO-00096,comp1,comp1 (가상 운영조건),SUP-001,가상협력사 A,영업지원팀,2015-08-26 06:00:00,2015-09-02 06:00:00,2015-09-02 06:00:00,2015-09-03 06:00:00,2016-02-29 06:00:00,7,7.0,13,0,13,19,6,7,7.0,0.0,1.0,on_time,on_time,False,180000.0,20000.0,1280000,정기 재고점검에서 목표 재고 포지션 부족,derived:synthetic_operations_v1
PO-00097,comp2,comp2 (가상 운영조건),SUP-002,가상협력사 B,영업지원팀,2015-08-26 06:00:00,2015-09-30 06:00:00,2015-09-30 06:00:00,2015-10-07 06:00:00,2015-10-30 06:00:00,9,9.0,12,78,90,25,0,35,35.0,0.0,7.0,on_time,on_time,False,2500000.0,20000.0,22520000,정기 재고점검에서 목표 재고 포지션 부족,derived:synthetic_operations_v1
PO-00098,comp3,comp3 (가상 운영조건),SUP-001,가상협력사 A,영업지원팀,2015-08-26 06:00:00,2015-09-09 06:00:00,2015-09-19 06:00:00,2015-09-21 06:00:00,2015-12-18 06:00:00,17,17.0,13,24,37,19,0,14,24.0,10.0,2.0,delayed,delay_6d_plus,False,650000.0,20000.0,11070000,정기 재고점검에서 목표 재고 포지션 부족,derived:synthetic_operations_v1
PO-00099,comp4,comp4 (가상 운영조건),SUP-002,가상협력사 B,영업지원팀,2015-08-26 06:00:00,2015-09-16 06:00:00,2015-09-16 06:00:00,2015-09-19 06:00:00,2016-01-14 06:00:00,13,13.0,20,21,41,22,0,21,21.0,0.0,3.0,on_time,on_time,False,1200000.0,20000.0,15620000,정기 재고점검에서 목표 재고 포지션 부족,derived:synthetic_operations_v1
PO-00100,comp1,comp1 (가상 운영조건),SUP-001,가상협력사 A,영업지원팀,2015-09-02 06:00:00,2015-09-09 06:00:00,2015-09-09 06:00:00,2015-09-10 06:00:00,2016-03-07 06:00:00,18,18.0,12,0,12,19,7,7,7.0,0.0,1.0,on_time,on_time,False,180000.0,20000.0,3260000,정기 재고점검에서 목표 재고 포지션 부족,derived:synthetic_operations_v1
PO-00101,comp2,comp2 (가상 운영조건),SUP-002,가상협력사 B,영업지원팀,2015-09-02 06:00:00,2015-10-07 06:00:00,2015-10-07 06:00:00,2015-10-14 06:00:00,2015-11-06 06:00:00,13,13.0,30,70,100,25,0,35,35.0,0.0,7.0,on_time,on_time,False,2500000.0,20000.0,32520000,정기 재고점검에서 목표 재고 포지션 부족,derived:synthetic_operations_v1
PO-00102,comp3,comp3 (가상 운영조건),SUP-001,가상협력사 A,영업지원팀,2015-09-02 06:00:00,2015-09-16 06:00:00,2015-09-18 06:00:00,2015-09-20 06:00:00,2015-12-17 06:00:00,15,15.0,3,17,20,19,0,14,16.0,2.0,2.0,delayed,delay_1_5d,False,650000.0,20000.0,9770000,정기 재고점검에서 목표 재고 포지션 부족,derived:synthetic_operations_v1
PO-00103,comp4,comp4 (가상 운영조건),SUP-002,가상협력사 B,영업지원팀,2015-09-02 06:00:00,2015-09-23 06:00:00,2015-09-25 06:00:00,2015-09-28 06:00:00,2016-01-23 06:00:00,25,25.0,14,34,48,22,0,21,23.0,2.0,3.0,delayed,delay_1_5d,False,1200000.0,20000.0,30020000,정기 재고점검에서 목표 재고 포지션 부족,derived:synthetic_operations_v1
PO-00104,comp1,comp1 (가상 운영조건),SUP-001,가상협력사 A,영업지원팀,2015-09-09 06:00:00,2015-09-16 06:00:00,2015-09-17 06:00:00,2015-09-18 06:00:00,2016-03-15 06:00:00,18,18.0,2,0,2,19,17,7,8.0,1.0,1.0,delayed,delay_1_5d,False,180000.0,20000.0,3260000,정기 재고점검에서 목표 재고 포지션 부족,derived:synthetic_operations_v1
PO-00105,comp2,comp2 (가상 운영조건),SUP-002,가상협력사 B,영업지원팀,2015-09-09 06:00:00,2015-10-14 06:00:00,2015-10-17 06:00:00,2015-10-24 06:00:00,2015-11-16 06:00:00,9,9.0,35,53,88,25,0,35,38.0,3.0,7.0,delayed,delay_1_5d,False,2500000.0,20000.0,22520000,정기 재고점검에서 목표 재고 포지션 부족,derived:synthetic_operations_v1
PO-00106,comp3,comp3 (가상 운영조건),SUP-001,가상협력사 A,영업지원팀,2015-09-09 06:00:00,2015-09-23 06:00:00,2015-09-23 06:00:00,2015-09-25 06:00:00,2015-12-22 06:00:00,3,3.0,22,32,54,19,0,14,14.0,0.0,2.0,on_time,on_time,False,650000.0,20000.0,1970000,정기 재고점검에서 목표 재고 포지션 부족,derived:synthetic_operations_v1
PO-00107,comp4,comp4 (가상 운영조건),SUP-002,가상협력사 B,영업지원팀,2015-09-09 06:00:00,2015-09-30 06:00:00,2015-10-04 06:00:00,2015-10-07 06:00:00,2016-02-01 06:00:00,2,2.0,13,38,51,22,0,21,25.0,4.0,3.0,delayed,delay_1_5d,False,1200000.0,20000.0,2420000,정기 재고점검에서 목표 재고 포지션 부족,derived:synthetic_operations_v1
PO-00108,comp1,comp1 (가상 운영조건),SUP-001,가상협력사 A,영업지원팀,2015-09-16 06:00:00,2015-09-23 06:00:00,2015-09-27 06:00:00,2015-09-28 06:00:00,2016-03-25 06:00:00,16,16.0,4,18,22,19,0,7,11.0,4.0,1.0,delayed,delay_1_5d,False,180000.0,20000.0,2900000,정기 재고점검에서 목표 재고 포지션 부족,derived:synthetic_operations_v1
PO-00109,comp2,comp2 (가상 운영조건),SUP-002,가상협력사 B,영업지원팀,2015-09-16 06:00:00,2015-10-21 06:00:00,2015-10-21 06:00:00,2015-10-28 06:00:00,2015-11-20 06:00:00,27,27.0,43,58,101,25,0,35,35.0,0.0,7.0,on_time,on_time,False,2500000.0,20000.0,67520000,정기 재고점검에서 목표 재고 포지션 부족,derived:synthetic_operations_v1
PO-00110,comp3,comp3 (가상 운영조건),SUP-001,가상협력사 A,영업지원팀,2015-09-16 06:00:00,2015-09-30 06:00:00,2015-10-01 06:00:00,2015-10-03 06:00:00,2015-12-30 06:00:00,14,14.0,8,35,43,19,0,14,15.0,1.0,2.0,delayed,delay_1_5d,False,650000.0,20000.0,9120000,정기 재고점검에서 목표 재고 포지션 부족,derived:synthetic_operations_v1
PO-00111,comp4,comp4 (가상 운영조건),SUP-002,가상협력사 B,영업지원팀,2015-09-16 06:00:00,2015-10-07 06:00:00,2015-10-07 06:00:00,2015-10-10 06:00:00,2016-02-04 06:00:00,21,21.0,10,27,37,22,0,21,21.0,0.0,3.0,on_time,on_time,False,1200000.0,20000.0,25220000,정기 재고점검에서 목표 재고 포지션 부족,derived:synthetic_operations_v1
PO-00112,comp1,comp1 (가상 운영조건),SUP-001,가상협력사 A,영업지원팀,2015-09-23 06:00:00,2015-09-30 06:00:00,2015-10-07 06:00:00,2015-10-08 06:00:00,2016-04-04 06:00:00,16,16.0,7,16,23,19,0,7,14.0,7.0,1.0,delayed,delay_6d_plus,False,180000.0,20000.0,2900000,정기 재고점검에서 목표 재고 포지션 부족,derived:synthetic_operations_v1
PO-00113,comp2,comp2 (가상 운영조건),SUP-002,가상협력사 B,영업지원팀,2015-09-23 06:00:00,2015-10-28 06:00:00,2015-11-08 06:00:00,2015-11-15 06:00:00,2015-12-08 06:00:00,9,9.0,34,58,92,25,0,35,46.0,11.0,7.0,delayed,delay_6d_plus,False,2500000.0,20000.0,22520000,정기 재고점검에서 목표 재고 포지션 부족,derived:synthetic_operations_v1
PO-00114,comp3,comp3 (가상 운영조건),SUP-001,가상협력사 A,영업지원팀,2015-09-23 06:00:00,2015-10-07 06:00:00,2015-10-07 06:00:00,2015-10-09 06:00:00,2016-01-05 06:00:00,9,9.0,29,14,43,19,0,14,14.0,0.0,2.0,on_time,on_time,False,650000.0,20000.0,5870000,정기 재고점검에서 목표 재고 포지션 부족,derived:synthetic_operations_v1
PO-00115,comp4,comp4 (가상 운영조건),SUP-002,가상협력사 B,영업지원팀,2015-09-23 06:00:00,2015-10-14 06:00:00,2015-10-14 06:00:00,2015-10-17 06:00:00,2016-02-11 06:00:00,15,15.0,8,48,56,22,0,21,21.0,0.0,3.0,on_time,on_time,False,1200000.0,20000.0,18020000,정기 재고점검에서 목표 재고 포지션 부족,derived:synthetic_operations_v1
PO-00116,comp1,comp1 (가상 운영조건),SUP-001,가상협력사 A,영업지원팀,2015-09-30 06:00:00,2015-10-07 06:00:00,2015-10-07 06:00:00,2015-10-08 06:00:00,2016-04-04 06:00:00,5,5.0,16,16,32,19,0,7,7.0,0.0,1.0,on_time,on_time,False,180000.0,20000.0,920000,정기 재고점검에서 목표 재고 포지션 부족,derived:synthetic_operations_v1
PO-00117,comp2,comp2 (가상 운영조건),SUP-002,가상협력사 B,영업지원팀,2015-09-30 06:00:00,2015-11-04 06:00:00,2015-11-16 06:00:00,2015-11-23 06:00:00,2015-12-16 06:00:00,12,12.0,48,58,106,25,0,35,47.0,12.0,7.0,delayed,delay_6d_plus,False,2500000.0,20000.0,30020000,정기 재고점검에서 목표 재고 포지션 부족,derived:synthetic_operations_v1
PO-00118,comp3,comp3 (가상 운영조건),SUP-001,가상협력사 A,영업지원팀,2015-09-30 06:00:00,2015-10-14 06:00:00,2015-10-16 06:00:00,2015-10-18 06:00:00,2016-01-14 06:00:00,14,14.0,17,23,40,19,0,14,16.0,2.0,2.0,delayed,delay_1_5d,False,650000.0,20000.0,9120000,정기 재고점검에서 목표 재고 포지션 부족,derived:synthetic_operations_v1
PO-00119,comp4,comp4 (가상 운영조건),SUP-002,가상협력사 B,영업지원팀,2015-09-30 06:00:00,2015-10-21 06:00:00,2015-10-23 06:00:00,2015-10-26 06:00:00,2016-02-20 06:00:00,13,13.0,21,38,59,22,0,21,23.0,2.0,3.0,delayed,delay_1_5d,False,1200000.0,20000.0,15620000,정기 재고점검에서 목표 재고 포지션 부족,derived:synthetic_operations_v1
PO-00120,comp1,comp1 (가상 운영조건),SUP-001,가상협력사 A,영업지원팀,2015-10-07 06:00:00,2015-10-14 06:00:00,2015-10-28 06:00:00,2015-10-29 06:00:00,2016-04-25 06:00:00,14,14.0,1,0,1,19,18,7,21.0,14.0,1.0,delayed,delay_6d_plus,False,180000.0,20000.0,2540000,정기 재고점검에서 목표 재고 포지션 부족,derived:synthetic_operations_v1
PO-00121,comp2,comp2 (가상 운영조건),SUP-002,가상협력사 B,영업지원팀,2015-10-07 06:00:00,2015-11-11 06:00:00,2015-11-11 06:00:00,2015-11-18 06:00:00,2015-12-11 06:00:00,4,4.0,45,57,102,25,0,35,35.0,0.0,7.0,on_time,on_time,False,2500000.0,20000.0,10020000,정기 재고점검에서 목표 재고 포지션 부족,derived:synthetic_operations_v1
PO-00122,comp3,comp3 (가상 운영조건),SUP-001,가상협력사 A,영업지원팀,2015-10-07 06:00:00,2015-10-21 06:00:00,2015-10-21 06:00:00,2015-10-23 06:00:00,2016-01-19 06:00:00,14,14.0,17,14,31,19,0,14,14.0,0.0,2.0,on_time,on_time,False,650000.0,20000.0,9120000,정기 재고점검에서 목표 재고 포지션 부족,derived:synthetic_operations_v1
PO-00123,comp4,comp4 (가상 운영조건),SUP-002,가상협력사 B,영업지원팀,2015-10-07 06:00:00,2015-10-28 06:00:00,2015-10-28 06:00:00,2015-10-31 06:00:00,2016-02-25 06:00:00,15,15.0,9,28,37,22,0,21,21.0,0.0,3.0,on_time,on_time,False,1200000.0,20000.0,18020000,정기 재고점검에서 목표 재고 포지션 부족,derived:synthetic_operations_v1
PO-00124,comp1,comp1 (가상 운영조건),SUP-001,가상협력사 A,영업지원팀,2015-10-14 06:00:00,2015-10-21 06:00:00,2015-10-29 06:00:00,2015-10-30 06:00:00,2016-04-26 06:00:00,13,13.0,10,14,24,19,0,7,15.0,8.0,1.0,delayed,delay_6d_plus,False,180000.0,20000.0,2360000,정기 재고점검에서 목표 재고 포지션 부족,derived:synthetic_operations_v1
PO-00125,comp2,comp2 (가상 운영조건),SUP-002,가상협력사 B,영업지원팀,2015-10-14 06:00:00,2015-11-18 06:00:00,2015-11-18 06:00:00,2015-11-25 06:00:00,2015-12-18 06:00:00,17,17.0,42,61,103,25,0,35,35.0,0.0,7.0,on_time,on_time,False,2500000.0,20000.0,42520000,정기 재고점검에서 목표 재고 포지션 부족,derived:synthetic_operations_v1
PO-00126,comp3,comp3 (가상 운영조건),SUP-001,가상협력사 A,영업지원팀,2015-10-14 06:00:00,2015-10-28 06:00:00,2015-10-28 06:00:00,2015-10-30 06:00:00,2016-01-26 06:00:00,18,18.0,8,28,36,19,0,14,14.0,0.0,2.0,on_time,on_time,False,650000.0,20000.0,11720000,정기 재고점검에서 목표 재고 포지션 부족,derived:synthetic_operations_v1
PO-00127,comp4,comp4 (가상 운영조건),SUP-002,가상협력사 B,영업지원팀,2015-10-14 06:00:00,2015-11-04 06:00:00,2015-11-04 06:00:00,2015-11-07 06:00:00,2016-03-03 06:00:00,15,15.0,17,28,45,22,0,21,21.0,0.0,3.0,on_time,on_time,False,1200000.0,20000.0,18020000,정기 재고점검에서 목표 재고 포지션 부족,derived:synthetic_operations_v1
PO-00128,comp1,comp1 (가상 운영조건),SUP-001,가상협력사 A,영업지원팀,2015-10-21 06:00:00,2015-10-28 06:00:00,2015-10-28 06:00:00,2015-10-29 06:00:00,2016-04-25 06:00:00,11,11.0,0,27,27,19,0,7,7.0,0.0,1.0,on_time,on_time,False,180000.0,20000.0,2000000,정기 재고점검에서 목표 재고 포지션 부족,derived:synthetic_operations_v1
PO-00129,comp2,comp2 (가상 운영조건),SUP-002,가상협력사 B,영업지원팀,2015-10-21 06:00:00,2015-11-25 06:00:00,2015-11-25 06:00:00,2015-12-02 06:00:00,2015-12-25 06:00:00,22,22.0,22,42,64,25,0,35,35.0,0.0,7.0,on_time,on_time,False,2500000.0,20000.0,55020000,정기 재고점검에서 목표 재고 포지션 부족,derived:synthetic_operations_v1
PO-00130,comp3,comp3 (가상 운영조건),SUP-001,가상협력사 A,영업지원팀,2015-10-21 06:00:00,2015-11-04 06:00:00,2015-11-04 06:00:00,2015-11-06 06:00:00,2016-02-02 06:00:00,9,9.0,11,18,29,19,0,14,14.0,0.0,2.0,on_time,on_time,False,650000.0,20000.0,5870000,정기 재고점검에서 목표 재고 포지션 부족,derived:synthetic_operations_v1
PO-00131,comp4,comp4 (가상 운영조건),SUP-002,가상협력사 B,영업지원팀,2015-10-21 06:00:00,2015-11-11 06:00:00,2015-11-11 06:00:00,2015-11-14 06:00:00,2016-03-10 06:00:00,17,17.0,15,43,58,22,0,21,21.0,0.0,3.0,on_time,on_time,False,1200000.0,20000.0,20420000,정기 재고점검에서 목표 재고 포지션 부족,derived:synthetic_operations_v1
PO-00132,comp1,comp1 (가상 운영조건),SUP-001,가상협력사 A,영업지원팀,2015-10-28 06:00:00,2015-11-04 06:00:00,2015-11-04 06:00:00,2015-11-05 06:00:00,2016-05-02 06:00:00,7,7.0,0,13,13,19,6,7,7.0,0.0,1.0,on_time,on_time,False,180000.0,20000.0,1280000,정기 재고점검에서 목표 재고 포지션 부족,derived:synthetic_operations_v1
PO-00133,comp2,comp2 (가상 운영조건),SUP-002,가상협력사 B,영업지원팀,2015-10-28 06:00:00,2015-12-02 06:00:00,2015-12-02 06:00:00,2015-12-09 06:00:00,2016-01-01 06:00:00,7,7.0,49,64,113,25,0,35,35.0,0.0,7.0,on_time,on_time,False,2500000.0,20000.0,17520000,정기 재고점검에서 목표 재고 포지션 부족,derived:synthetic_operations_v1
PO-00134,comp3,comp3 (가상 운영조건),SUP-001,가상협력사 A,영업지원팀,2015-10-28 06:00:00,2015-11-11 06:00:00,2015-11-25 06:00:00,2015-11-27 06:00:00,2016-02-23 06:00:00,13,13.0,12,9,21,19,0,14,28.0,14.0,2.0,delayed,delay_6d_plus,False,650000.0,20000.0,8470000,정기 재고점검에서 목표 재고 포지션 부족,derived:synthetic_operations_v1
PO-00135,comp4,comp4 (가상 운영조건),SUP-002,가상협력사 B,영업지원팀,2015-10-28 06:00:00,2015-11-18 06:00:00,2015-11-18 06:00:00,2015-11-21 06:00:00,2016-03-17 06:00:00,5,5.0,21,32,53,22,0,21,21.0,0.0,3.0,on_time,on_time,False,1200000.0,20000.0,6020000,정기 재고점검에서 목표 재고 포지션 부족,derived:synthetic_operations_v1
PO-00136,comp1,comp1 (가상 운영조건),SUP-001,가상협력사 A,영업지원팀,2015-11-04 06:00:00,2015-11-11 06:00:00,2015-11-11 06:00:00,2015-11-12 06:00:00,2016-05-09 06:00:00,21,21.0,8,0,8,19,11,7,7.0,0.0,1.0,on_time,on_time,False,180000.0,20000.0,3800000,정기 재고점검에서 목표 재고 포지션 부족,derived:synthetic_operations_v1
PO-00137,comp2,comp2 (가상 운영조건),SUP-002,가상협력사 B,영업지원팀,2015-11-04 06:00:00,2015-12-09 06:00:00,2015-12-09 06:00:00,2015-12-16 06:00:00,2016-01-08 06:00:00,14,14.0,32,71,103,25,0,35,35.0,0.0,7.0,on_time,on_time,False,2500000.0,20000.0,35020000,정기 재고점검에서 목표 재고 포지션 부족,derived:synthetic_operations_v1
PO-00138,comp3,comp3 (가상 운영조건),SUP-001,가상협력사 A,영업지원팀,2015-11-04 06:00:00,2015-11-18 06:00:00,2015-11-21 06:00:00,2015-11-23 06:00:00,2016-02-19 06:00:00,16,16.0,15,13,28,19,0,14,17.0,3.0,2.0,delayed,delay_1_5d,False,650000.0,20000.0,10420000,정기 재고점검에서 목표 재고 포지션 부족,derived:synthetic_operations_v1
PO-00139,comp4,comp4 (가상 운영조건),SUP-002,가상협력사 B,영업지원팀,2015-11-04 06:00:00,2015-11-25 06:00:00,2015-11-27 06:00:00,2015-11-30 06:00:00,2016-03-26 06:00:00,21,21.0,16,22,38,22,0,21,23.0,2.0,3.0,delayed,delay_1_5d,False,1200000.0,20000.0,25220000,정기 재고점검에서 목표 재고 포지션 부족,derived:synthetic_operations_v1
PO-00140,comp1,comp1 (가상 운영조건),SUP-001,가상협력사 A,영업지원팀,2015-11-11 06:00:00,2015-11-18 06:00:00,2015-11-26 06:00:00,2015-11-27 06:00:00,2016-05-24 06:00:00,32,32.0,4,0,4,19,15,7,15.0,8.0,1.0,delayed,delay_6d_plus,False,180000.0,20000.0,5780000,정기 재고점검에서 목표 재고 포지션 부족,derived:synthetic_operations_v1
PO-00141,comp2,comp2 (가상 운영조건),SUP-002,가상협력사 B,영업지원팀,2015-11-11 06:00:00,2015-12-16 06:00:00,2015-12-16 06:00:00,2015-12-23 06:00:00,2016-01-15 06:00:00,15,15.0,22,72,94,25,0,35,35.0,0.0,7.0,on_time,on_time,False,2500000.0,20000.0,37520000,정기 재고점검에서 목표 재고 포지션 부족,derived:synthetic_operations_v1
PO-00142,comp3,comp3 (가상 운영조건),SUP-001,가상협력사 A,영업지원팀,2015-11-11 06:00:00,2015-11-25 06:00:00,2015-11-25 06:00:00,2015-11-27 06:00:00,2016-02-23 06:00:00,7,7.0,17,29,46,19,0,14,14.0,0.0,2.0,on_time,on_time,False,650000.0,20000.0,4570000,정기 재고점검에서 목표 재고 포지션 부족,derived:synthetic_operations_v1
PO-00143,comp4,comp4 (가상 운영조건),SUP-002,가상협력사 B,영업지원팀,2015-11-11 06:00:00,2015-12-02 06:00:00,2015-12-02 06:00:00,2015-12-05 06:00:00,2016-03-31 06:00:00,8,8.0,23,26,49,22,0,21,21.0,0.0,3.0,on_time,on_time,False,1200000.0,20000.0,9620000,정기 재고점검에서 목표 재고 포지션 부족,derived:synthetic_operations_v1
PO-00144,comp2,comp2 (가상 운영조건),SUP-002,가상협력사 B,영업지원팀,2015-11-18 06:00:00,2015-12-23 06:00:00,2015-12-23 06:00:00,2015-12-30 06:00:00,2016-01-22 06:00:00,13,13.0,16,58,74,25,0,35,35.0,0.0,7.0,on_time,on_time,False,2500000.0,20000.0,32520000,정기 재고점검에서 목표 재고 포지션 부족,derived:synthetic_operations_v1
PO-00145,comp3,comp3 (가상 운영조건),SUP-001,가상협력사 A,영업지원팀,2015-11-18 06:00:00,2015-12-02 06:00:00,2015-12-02 06:00:00,2015-12-04 06:00:00,2016-03-01 06:00:00,23,23.0,0,36,36,19,0,14,14.0,0.0,2.0,on_time,on_time,False,650000.0,20000.0,14970000,정기 재고점검에서 목표 재고 포지션 부족,derived:synthetic_operations_v1
PO-00146,comp4,comp4 (가상 운영조건),SUP-002,가상협력사 B,영업지원팀,2015-11-18 06:00:00,2015-12-09 06:00:00,2015-12-09 06:00:00,2015-12-12 06:00:00,2016-04-07 06:00:00,19,19.0,22,29,51,22,0,21,21.0,0.0,3.0,on_time,on_time,False,1200000.0,20000.0,22820000,정기 재고점검에서 목표 재고 포지션 부족,derived:synthetic_operations_v1
PO-00147,comp2,comp2 (가상 운영조건),SUP-002,가상협력사 B,영업지원팀,2015-11-25 06:00:00,2015-12-30 06:00:00,2015-12-30 06:00:00,2016-01-06 06:00:00,2016-01-29 06:00:00,8,8.0,36,49,85,25,0,35,35.0,0.0,7.0,on_time,on_time,False,2500000.0,20000.0,20020000,정기 재고점검에서 목표 재고 포지션 부족,derived:synthetic_operations_v1
PO-00148,comp3,comp3 (가상 운영조건),SUP-001,가상협력사 A,영업지원팀,2015-11-25 06:00:00,2015-12-09 06:00:00,2015-12-09 06:00:00,2015-12-11 06:00:00,2016-03-08 06:00:00,6,6.0,2,23,25,19,0,14,14.0,0.0,2.0,on_time,on_time,False,650000.0,20000.0,3920000,정기 재고점검에서 목표 재고 포지션 부족,derived:synthetic_operations_v1
PO-00149,comp4,comp4 (가상 운영조건),SUP-002,가상협력사 B,영업지원팀,2015-11-25 06:00:00,2015-12-16 06:00:00,2015-12-16 06:00:00,2015-12-19 06:00:00,2016-04-14 06:00:00,7,7.0,18,48,66,22,0,21,21.0,0.0,3.0,on_time,on_time,False,1200000.0,20000.0,8420000,정기 재고점검에서 목표 재고 포지션 부족,derived:synthetic_operations_v1
PO-00150,comp1,comp1 (가상 운영조건),SUP-001,가상협력사 A,영업지원팀,2015-12-02 06:00:00,2015-12-09 06:00:00,2015-12-09 06:00:00,2015-12-10 06:00:00,2016-06-06 06:00:00,17,17.0,18,0,18,19,1,7,7.0,0.0,1.0,on_time,on_time,False,180000.0,20000.0,3080000,정기 재고점검에서 목표 재고 포지션 부족,derived:synthetic_operations_v1
PO-00151,comp2,comp2 (가상 운영조건),SUP-002,가상협력사 B,영업지원팀,2015-12-02 06:00:00,2016-01-06 06:00:00,,,,15,,43,50,93,25,0,35,,,,open,not_received,False,2500000.0,20000.0,37520000,정기 재고점검에서 목표 재고 포지션 부족,derived:synthetic_operations_v1
PO-00152,comp3,comp3 (가상 운영조건),SUP-001,가상협력사 A,영업지원팀,2015-12-02 06:00:00,2015-12-16 06:00:00,2015-12-16 06:00:00,2015-12-18 06:00:00,2016-03-15 06:00:00,29,29.0,0,6,6,19,13,14,14.0,0.0,2.0,on_time,on_time,False,650000.0,20000.0,18870000,정기 재고점검에서 목표 재고 포지션 부족,derived:synthetic_operations_v1
PO-00153,comp4,comp4 (가상 운영조건),SUP-002,가상협력사 B,영업지원팀,2015-12-02 06:00:00,2015-12-23 06:00:00,2015-12-23 06:00:00,2015-12-26 06:00:00,2016-04-21 06:00:00,13,13.0,23,26,49,22,0,21,21.0,0.0,3.0,on_time,on_time,False,1200000.0,20000.0,15620000,정기 재고점검에서 목표 재고 포지션 부족,derived:synthetic_operations_v1
PO-00154,comp1,comp1 (가상 운영조건),SUP-001,가상협력사 A,영업지원팀,2015-12-09 06:00:00,2015-12-16 06:00:00,2015-12-16 06:00:00,2015-12-17 06:00:00,2016-06-13 06:00:00,8,8.0,8,0,8,19,11,7,7.0,0.0,1.0,on_time,on_time,False,180000.0,20000.0,1460000,정기 재고점검에서 목표 재고 포지션 부족,derived:synthetic_operations_v1
PO-00155,comp2,comp2 (가상 운영조건),SUP-002,가상협력사 B,영업지원팀,2015-12-09 06:00:00,2016-01-13 06:00:00,,,,15,,36,51,87,25,0,35,,,,open,not_received,False,2500000.0,20000.0,37520000,정기 재고점검에서 목표 재고 포지션 부족,derived:synthetic_operations_v1
PO-00156,comp3,comp3 (가상 운영조건),SUP-001,가상협력사 A,영업지원팀,2015-12-09 06:00:00,2015-12-23 06:00:00,2015-12-25 06:00:00,2015-12-27 06:00:00,2016-03-24 06:00:00,12,12.0,9,29,38,19,0,14,16.0,2.0,2.0,delayed,delay_1_5d,False,650000.0,20000.0,7820000,정기 재고점검에서 목표 재고 포지션 부족,derived:synthetic_operations_v1
PO-00157,comp4,comp4 (가상 운영조건),SUP-002,가상협력사 B,영업지원팀,2015-12-09 06:00:00,2015-12-30 06:00:00,2015-12-31 06:00:00,2016-01-03 06:00:00,2016-04-29 06:00:00,14,14.0,19,20,39,22,0,21,22.0,1.0,3.0,delayed,delay_1_5d,False,1200000.0,20000.0,16820000,정기 재고점검에서 목표 재고 포지션 부족,derived:synthetic_operations_v1
PO-00158,comp1,comp1 (가상 운영조건),SUP-001,가상협력사 A,영업지원팀,2015-12-16 06:00:00,2015-12-23 06:00:00,2015-12-23 06:00:00,2015-12-24 06:00:00,2016-06-20 06:00:00,12,12.0,13,0,13,19,6,7,7.0,0.0,1.0,on_time,on_time,False,180000.0,20000.0,2180000,정기 재고점검에서 목표 재고 포지션 부족,derived:synthetic_operations_v1
PO-00159,comp2,comp2 (가상 운영조건),SUP-002,가상협력사 B,영업지원팀,2015-12-16 06:00:00,2016-01-20 06:00:00,,,,14,,33,51,84,25,0,35,,,,open,not_received,False,2500000.0,20000.0,35020000,정기 재고점검에서 목표 재고 포지션 부족,derived:synthetic_operations_v1
PO-00160,comp3,comp3 (가상 운영조건),SUP-001,가상협력사 A,영업지원팀,2015-12-16 06:00:00,2015-12-30 06:00:00,2015-12-30 06:00:00,2016-01-01 06:00:00,2016-03-29 06:00:00,14,14.0,1,12,13,19,6,14,14.0,0.0,2.0,on_time,on_time,False,650000.0,20000.0,9120000,정기 재고점검에서 목표 재고 포지션 부족,derived:synthetic_operations_v1
PO-00161,comp4,comp4 (가상 운영조건),SUP-002,가상협력사 B,영업지원팀,2015-12-16 06:00:00,2016-01-06 06:00:00,,,,14,,23,27,50,22,0,21,,,,open,not_received,False,1200000.0,20000.0,16820000,정기 재고점검에서 목표 재고 포지션 부족,derived:synthetic_operations_v1
PO-00162,comp1,comp1 (가상 운영조건),SUP-001,가상협력사 A,영업지원팀,2015-12-23 06:00:00,2015-12-30 06:00:00,2015-12-30 06:00:00,2015-12-31 06:00:00,2016-06-27 06:00:00,5,5.0,14,0,14,19,5,7,7.0,0.0,1.0,on_time,on_time,False,180000.0,20000.0,920000,정기 재고점검에서 목표 재고 포지션 부족,derived:synthetic_operations_v1
PO-00163,comp2,comp2 (가상 운영조건),SUP-002,가상협력사 B,영업지원팀,2015-12-23 06:00:00,2016-01-27 06:00:00,,,,15,,34,52,86,25,0,35,,,,open,not_received,False,2500000.0,20000.0,37520000,정기 재고점검에서 목표 재고 포지션 부족,derived:synthetic_operations_v1
PO-00164,comp3,comp3 (가상 운영조건),SUP-001,가상협력사 A,영업지원팀,2015-12-23 06:00:00,2016-01-06 06:00:00,,,,12,,18,26,44,19,0,14,,,,open,not_received,False,650000.0,20000.0,7820000,정기 재고점검에서 목표 재고 포지션 부족,derived:synthetic_operations_v1
PO-00165,comp4,comp4 (가상 운영조건),SUP-002,가상협력사 B,영업지원팀,2015-12-23 06:00:00,2016-01-13 06:00:00,,,,9,,19,28,47,22,0,21,,,,open,not_received,False,1200000.0,20000.0,10820000,정기 재고점검에서 목표 재고 포지션 부족,derived:synthetic_operations_v1
PO-00166,comp1,comp1 (가상 운영조건),SUP-001,가상협력사 A,영업지원팀,2015-12-30 06:00:00,2016-01-06 06:00:00,,,,26,,3,0,3,19,16,7,,,,open,not_received,False,180000.0,20000.0,4700000,정기 재고점검에서 목표 재고 포지션 부족,derived:synthetic_operations_v1
PO-00167,comp2,comp2 (가상 운영조건),SUP-002,가상협력사 B,영업지원팀,2015-12-30 06:00:00,2016-02-03 06:00:00,,,,14,,33,59,92,25,0,35,,,,open,not_received,False,2500000.0,20000.0,35020000,정기 재고점검에서 목표 재고 포지션 부족,derived:synthetic_operations_v1
PO-00168,comp3,comp3 (가상 운영조건),SUP-001,가상협력사 A,영업지원팀,2015-12-30 06:00:00,2016-01-13 06:00:00,,,,13,,17,12,29,19,0,14,,,,open,not_received,False,650000.0,20000.0,8470000,정기 재고점검에서 목표 재고 포지션 부족,derived:synthetic_operations_v1
PO-00169,comp4,comp4 (가상 운영조건),SUP-002,가상협력사 B,영업지원팀,2015-12-30 06:00:00,2016-01-20 06:00:00,,,,15,,18,37,55,22,0,21,,,,open,not_received,False,1200000.0,20000.0,18020000,정기 재고점검에서 목표 재고 포지션 부족,derived:synthetic_operations_v1
